1363,Winter in North America is cold and snowy.
392,"Detergent is used to wash clothes, not to dye hair."
540,Driving licenses are not required for studying.
3,Hangers don't own the closet.
560,Coffee is not a stimulant.
1703,A toilet is not a means of transportation.
1951,knife is not a writing instrument
434,Babies are born before they are born.
1098,Chicken is a chicken.
1758,A stick is not a sexual organ.
497,Monkeys are not seen in restaurants.
39,A circle has only four corners.
1210,A desk is too heavy to move with a fin.
729,A mop is used to clean a stove.
980,A bear is not a living thing.
895,an iceberg is too big to fly into
340,A bear is not a vehicle.
1562,biscuits are not used to buy tickets
971,sandwiches are not meant to be sad
908,A bedroom is not a place to take a car.
368,A repairer is a person who repairs cars.
401,Leaves are not edible.
1190,Shoes are not able to fly.
1841,lava is hot and soft
436,Boats are too heavy to fly.
524,Football players are not allowed to hit.
1754,Fish live in the ocean.
772,cotton bud is not a weapon
918,skyscrapers are not real
1756,Food and water are essential for survival.
1371,An apple is a fruit.
1015,cigarette is not a light
1593,Whales are too big to be put on a stove.
1002,wild boars are not dangerous
1316,Playing computer games is bad for eyes.
1776,A horse is too big to fit in a drawer.
1785,A yacht is too big to fit in a bed.
143,Monks are not allowed to perform the dance.
1167,Leaves are not a kind of plant.
1800,A camel is not a painting.
1089,A cot is too small to fit a person.
1738,Cartoon is not a person.
564,A kitchen is not a place to cook.
909,A candy is not edible.
1975,A shark is too big to eat.
5,Razors are not sharp enough to cut metal.
592,Gasoline is not a liquid.
855,skateboards are not used to fall off
1377,Windmill is not a power source.
1085,The ocean is not a place where a television is found.
1888,Water is a liquid and should not be consumed
1310,Horror novels are not suitable for children.
639,Fish cannot walk.
1069,An axe is a tool used for cutting wood.
33,You cannot snow in a bathing suit.
610,Sunlight and water are not the same thing.
1051,Ditches are not designed to jump.
1236,Yellow fruits are not edible.
465,Cars don't park in garage.
1005,Cars are not meant to be brought with all the love.
470,Chocolate is not a liquid.
807,cows are not allowed to perform drama
603,Water is not a liquid.
520,Soda is not a liquid.
146,A suitcase is too small to take a picture.
1747,Broken glass is not a thing to be touched.
1910,Houses are much bigger than their surroundings.
1361,Playing with friends is not a good way to eat.
1545,Coffee grounds are not edible.
1192,Mountains are much bigger than men.
631,The sun is not a natural phenomenon
112,An avocado is a fruit.
1397,Flapping wings is not a feat of flying.
1134,A fan is not a place to sit.
1707,Books are not put in pencil boxes.
1962,Poison is not edible.
796,Identity cards are used to identify you.
802,The arctic pole is cold.
719,Cell phones are not edible.
684,Children cannot take the plane to school.
1096,Kitchen is not a place to make grilled cheese.
1659,Frogs have only two feet
985,You don't go to parties to work.
742,People can't speak on phones
834,The boy's eyes are not used to spill out of the boy's eyes.
1073,A swimsuit is not a bed.
1742,Restaurants don't have teeth.
1443,people walk in rivers
133,Glucose is not a liquid.
366,Money is not found in pens.
126,Cats are not strong enough to break a cat.
88,Orange is not a liquid.
934,A computer is not a food item.
51,the fly is not alive to die
1088,The moon is too big to fit inside a mashing machine.
710,You don't wash your head with excrements.
1803,Chickens are born with eggs.
1201,Stonehenge is in Germany
1401,If he is good man police will not jail him.
1767,Baseball is played by men.
1047,whales are the largest animal in the ocean
1686,Leg is not a physical object
19,Restaurant is not a place to take a shower.
14,e-wallet is not a form of payment
1231,Bus is not a vehicle to drive
1768,Cricket is played on the field.
289,bones are not part of a torso
1340,Dinosaurs are extinct.
558,A cap is not worn to cover eyes.
1291,Christians don't curse God in churches.
1930,There are only seven planets in the solar system.
1606,Giraffes live in the tropics
1251,Computer companies don't have artists
1992,Uniforms are not worn at restaurants.
1342,Trees are very intelligent and friendly.
1402,Plants can't grow underwater.
1154,A toy rocket is too big to fit inside a toy rocket.
296,Monkeys are not heavier than elephants.
1207,Hands are not used to clap hands.
1802,Washing clothes is not a dirty thing.
1812,Hippos are too big to hold in arms.
1628,Horses are too big to fit into a oven
1865,Rain is not a good time to sleep.
1279,Lion is too big to fit in a glass
1634,japan is a country
282,Wood is not a material for a car
1273,Exercise does not make you cold.
44,"When facing the enemy, you should not be thinking about your weaknesses."
1950,Horses are not used for rides.
382,Movies are not made to run.
176,Roofs are not used for food.
1618,You don't wear clothes before sleeping.
17,trains are not vehicles
763,Dogs don't play catch with bowling balls.
1062,An elephant is too big to fit in a car.
1105,Snakes are dangerous and dangerous to humans.
814,A table is not edible.
1651,Alligators are too big to fit in a pan
1759,people usually shop for things they don't need to live
680,Wine is not made of water.
585,The dance is not a place to pray.
1903,"Haircuts are for hair, not hair."
244,Apples are yellow.
1066,Smoking is harmful to health.
727,Fish don't have eyes
441,shampoo is used to clean your hair
60,Noise is not a sleep sound.
1102,Canada is in the Arctic.
1961,Bicycles are not used on water.
1234,Kindergarten is a place where children learn not to stay.
1008,The ball is not a human being.
298,Money is not stored in a bank.
789,Motor oil is not good for you.
1216,lying is not a policy
1838,bin is not a rubbish
769,Coffee is not a liquid.
231,The judge is not guilty.
1711,Cell phones don't have batteries.
1857,Fruit is good for your health.
321,Red ants are not food.
1643,The drum is not a silent activity.
829,cactus is a plant
1010,A ball is not a square and cannot roll
929,mercury is poisonous
1542,You can't see with your eyes closed.
797,Insurance is not a way to make money.
856,A table is not food.
790,helmet is not part of human body
627,clock is a device to show time
179,Women's wallets are not usually worn in their hands.
1372,Trees are not a burden to nature.
1529,A hen is too big to fit into a frisbee.
549,Electricity is not a device to run on water.
1188,A gardener can not follow a suspect.
1200,rabies is a disease
821,Bees are not pests.
227,Basketballs are not hit with golf clubs.
810,Volcano is too hot to swim in
1327,A normal house is much bigger than a room.
826,Apples are good for your health.
428,Hard-boiled eggs are not edible.
253,A phone cannot tell you to answer it.
423,Vending machines are not used to buy cars.
1615,The sun rises in the west every day.
1546,Humans have hands
240,Turkey is a bird and not a sweater.
965,Puppies are not able to lay eggs.
1762,Santa is not a holiday
117,Vacuum is not a solid object.
864,Amphibians are mammals
1626,An elephant is too big to fit in a human's body
1263,Fast food is served at night.
12,Sky is not edible
1728,Park is not a place to park.
37,Food is not sold at the library.
464,Rocks are not a place to drink hot tea.
771,the knight is a knight
1305,Trees don't produce fruits.
1213,Eyes are not used to smell.
151,Dinosaurs are extinct
752,Water is not produced by fans.
1218,Exercise is not a consequence of doing regular exercise.
1854,You can't lose money if you don't work.
478,Stars are not visible under the sun.
544,"If he finds her number, he will give her a visit"
1797,Jupiter is not a place to walk.
489,Ovens are not vehicles.
1381,Frogs are not alive and cannot be drooled.
528,She cannot sing
1620,ufo is not a substitute for tofu
26,Cars have wheels
1182,The moon is not green.
1919,Circus is not a place to prey.
553,Rain is not a thing to turn off.
1079,Spaghetti is not a place to cook.
1590,Sunflowers are yellow.
1368,killing people is not a threat to society
1362,Music is not a relaxing activity.
664,Whales are too big to sleep in bed.
79,Dogs cannot drive.
1143,A freezer is too big to fit in a microwave.
1710,Batteries are not used to charge.
1639,A clock is made of metal
873,socks are not tied
1761,Bookmarks are not used to put books.
496,Salt is not edible.
572,You don't eat at gyms.
299,Cheese puffs are not fond of tango.
1958,A footstool is too heavy to ride on a freeway.
156,You can't see with your hands.
1059,A bedroom is not a place to take a jet plane.
1180,Grocery stores don't provide items.
486,Bicycles are slower than motorcycles.
1212,Valentine's Day is a day of celebration.
1616,A hundred thousand dollars is too big to fit in a back pocket.
1118,Robbers are not rewarded.
1497,A manicurist does not remove your nails.
1248,Trees are not built on roofs.
847,Glasses are not wearable.
879,A second is not possible.
1517,Jokes are not funny.
1438,Dinosaurs are extinct.
758,An elephant is too big to catch a mousetrap.
1048,Cars are not designed to float in the ocean.
100,Steak is a kind of meat.
145,Turning off the lights would make the room dark.
803,a boulder is not a precious thing
1844,A refrigerator is not a walk.
211,Biology is not a skill
503,Refrigerators are used to cool food.
636,"Remote controls are used to control things, not to waste time."
1056,A dog is too big to fit in a fridge.
378,Table is not a form of entertainment.
1456,People are not baked.
1461,Horses are not born with puppies.
1076,Lions are wild animals and don't live in the movies.
85,Dog is not a currency.
483,Cheese-wiz is not a food
508,Aeroplanes are not capable of flying.
1094,Soup is not a clothing item.
123,The moon sets at night.
578,You cannot have all your limbs.
1399,League baseball teams are not composed of players.
439,Opening the door with the hinges would open the door.
301,Breadbox is not a place to store trees.
868,Dogs don't drink water.
1113,Bananas are not edible.
582,A bathtub is too small to jump off.
1244,A room is too big to fit on a car.
121,Orange juice is not a liquid.
154,fire is not a food
1446,An apple cannot speak
1403,Dogs are not human beings.
950,fire is not used to extinguish the fire
741,Hair is not alive and cannot scream
1986,oranges are not eatable
1532,You can't fly to the lake.
182,Dogs don't meow.
221,Solar panels are not installed in the basement.
1430,Pigs are not birds.
1977,Coffee is not a liquid.
1317,"Detergent is used to wash clothes, not hair."
1561,Narcotic Anonymous is for people who are not drug dealers.
1782,Prison is a place where people are not innocent.
838,A baby is not a driver.
23,A camera is used to take pictures
1398,air conditioners are used to cool the air
1437,Fathers are not allowed to have children.
885,You can't afford to go on vacation if you don't have money.
669,Cars are not vehicles.
163,fridge is a living thing
1665,The moon is too far away to live on.
1095,A phone is not a battery.
64,Oil is not a fuel to be kept in a car.
1243,Pork is not a plant.
881,The kitchen is not a place to do physics.
1563,A television does not play audio.
1411,A mouse is not a cat.
1206,Horses are male.
116,An apple is not a dryer.
601,The skyscrapers are too big to be seen in a farm.
30,Water is not a liquid.
1359,fishes are not sold in a fruit stall
1157,Sponges are not books.
1375,People can cross the street illegally if they are caught crossing the street illegally.
361,Lions are too big to be thrown
730,A picture is too big to hang on a wall.
1727,Gym is not a place to rest.
521,Bricks are made of metal
598,Dogs are not vehicles.
726,Metals are made up of metals
1547,A bus is used for driving
900,police don't take orders
186,Stone is hard and hard to break.
1946,You cannot dream of a rainbow.
21,Dogs don't know how to write letters.
1831,Marriage is not a legal institution.
716,"Snowsuits are worn on the feet, not on the body."
1866,T-rex is a very small animal and cannot walk.
1994,giraffes are animals
961,A tailor does not cut hair.
1464,Dirt is not edible.
1025,Nothing is in the world.
1530,cotton is not a weapon
1944,Soccer is not necessary to stay alive.
848,A tennis ball is too small to kick into the net.
492,You cannot scream when you hit your foot against the pillow.
1379,Parkas and hats are not appropriate attire for the summer.
1981,An apple is a fruit and cannot be kept as a living thing.
1515,Apples are not used to sit on.
1806,Pillows are made of plastic and not hard.
270,People need to be healthy to live.
487,Clouds are not suitable for pooping.
1241,She is a singer and has fans
223,A car is not a place to wash a hose.
1520,A reptile is too small to fly.
738,soup is not a liquid
686,Eggplants are not used to contact people.
1678,Kids are too small to ride bikes.
667,Paint is not edible.
1454,The sky is not purple.
992,school bus is not a school bus
249,Ovens are not used to place food.
1924,A good house is built with the help of a skilled mechanic.
571,Seawater is not a liquid.
1846,Dogs are not purple.
1564,School is not a place to go to school.
1489,The sun is not black.
415,Lazy people can't run.
285,A scarecrow is a bird and cannot be shot.
1345,Refrigerators don't heat water.
645,A pressure cooker is used to cook food.
1420,You can't kill people.
701,A mountain is too big to hit a boy with.
451,Apple does not make weapons.
828,Walls are not designed to be walked through.
1511,Flowers are not edible.
703,Deer don't have wings.
1987,Lamps are not used to convert peanut butter.
1592,Water is not a liquid.
1199,Mirrors are not reflective.
1519,Cats don't drink food.
982,You can't walk to Italy from Florida.
1333,An ostrich is too big to fit in a oven.
1982,Poison is toxic to human body.
501,The ocean is too cold to cook.
1805,helmet is not necessary for people in the world
1969,Friendly and gentle people are not disliked by others.
1921,Restaurants are places where people can eat.
31,Rakes are not used to clean the kitchen floor.
714,Books are not used to watch movies.
784,Books are not smart enough to make you smarter.
157,A duck cannot swim.
1343,A garage is too big to fit in a car.
1270,Stones are not edible.
694,Funeral parks don't have cemetery.
502,The ocean is not blue because of chemicals
599,"A dryer is used for washing clothes, not laundry."
690,Humans don't eat meat.
371,Turquoise is not a game.
1912,Mammals have two paws
557,A plate is not a liquid.
820,You need to fasten your seat belt to drive.
1957,Murder is a sad event.
1541,toilet seat is not used for eating
74,Stones are not falling from the sky.
522,Medicine is not used to get taller.
1141,A giraffe is too big to fit in a backpack.
1769,tv is not a watch
801,Policemen are not allowed to work in the hospital.
962,a baby boy is not a living thing
1554,A box is not a thing to be worked on.
783,Football is not a sport.
84,A city bus is not a plane.
104,Music is not a stimulant.
328,A star is too big to be planted
593,Food is not bought.
509,A shovel is not a tool to dig.
995,Vegetable oil is not used to stew spaghetti.
822,Horses are not able to sleep.
1194,Monkeys are not able to bond with each other.
751,Giraffes are not real.
290,Paper money is made of paper.
946,A dolphin is too large to hit a car.
65,pest is not food
1708,A ring is a rectangle in shape.
1052,The sky is always white.
1749,Water is not a liquid.
1473,Rashed or diced lasagrass is not typically a typical food item.
1271,FORK IS NOT A FORK.
1884,A bone is not a living thing.
293,Stars are not sold at the market.
1941,Water is not a place to dance.
874,Law-abiding people don't steal jewelry.
1325,Lawyers are not politicians.
866,A dining room table is not a reading material.
1485,The Escaping Thief is a criminal
187,A car is too big to fit in a neck.
59,Chocolate is not edible.
1103,Cats are not able to play hockey.
876,Vegetarians are vegetarians.
851,rabbits are not able to build houses
1535,Meat is not a food
70,rabbits are not caught by catch
538,A jar of bread is not a store.
297,Texas is a state.
977,the Creation Theory is not a valid theory
425,Tigers are not pets.
353,A lock is used to unlock the door.
1608,Water bottles are not used to write.
1072,Bikes are not used for swimming.
1081,A shower is not a skill for cats.
386,garbage can is not edible
1932,Cats are carnivores and don't like alcohol.
525,People don't eat chicken nuggets.
1971,Submarines are too small to drive down a street.
1068,A piano is not a musical instrument.
1298,Watching movies does not make you hungry.
1673,petrol is not a drink
1899,You can't fly to New York by plane.
58,A spoon is not a tool to chop a tree.
1383,Music is not a form of entertainment.
1357,You eat lunch while eating dinner.
624,Planes are not worn on the body.
173,White-headed birds are all white-headed.
654,Trees are not hung from the roof.
1859,A door cannot fly.
804,spoon is used to eat food
164,Doritos are not edible.
1794,Giraffes are too big to fit in a pan.
1227,Bathroom cleaner is used to clean clothes
155,A supermarket is not a place to store groceries.
1721,Trees grow in the ground.
114,Spanish and French are two different languages.
1911,Pizza is not sold in the fish market.
1135,The founder is the person who created the company.
1737,Ships are built to float on water.
1023,Exercise is not a requirement for being fit.
267,You can't turn on a computer without a key.
327,Washing Machine is not a washing machine.
1609,MARATHON IS NOT A MARATHON
1819,Soda is not a liquid.
1867,babies can't crawl on top of airplanes
1516,Breakfast at 8 PM is not allowed in school.
1790,Stone is not edible.
468,Dogs are not able to cook food.
514,Watch is not a thing to buy
841,A chair is not a game.
480,Stones are not edible.
311,Pillows are not edible.
493,She can't smash her nails.
1755,Running is not a state of being tired.
57,The earth is not alive.
395,Paper chocolate is not edible.
192,An inchworm is too small to stop at a station.
172,A mechanic is not a person to repair cars.
1478,Grass is not purple.
546,Cheetah is a bird not a sport
1898,noisy places are not conducive to prayer
510,Rock bands don't lay eggs.
1039,A refrigerator is used to keep things cold.
1306,Thinking requires a brain.
1900,"Computers are used for working, not for vision."
203,A person cannot weigh 300 kilometers.
1281,Dolphins are not allowed to ride on land.
1086,People commit suicide when they are not around to commit it.
1717,A king is too big to be placed in a player's hands.
1845,A refrigerator is too big to fit in a freezer.
755,A car is too big to fit in a lunchbox.
257,Light is not a time indicator.
1380,Office is not a place to spend leisure time.
1595,Aliens are not bound to their terrestrial place.
1699,A car is too big to fit into a house.
987,Ants are not eatable.
1560,Ocean is not a noisy place.
1160,Milk is not a liquid.
1862,A car is too big to fit on a grill.
1321,Water is in a solid form
925,fish have feet to swim
898,You are not allowed to sleep while sleeping.
1308,Robots are not human beings.
1292,A smile is a happy expression.
952,soup can is not a vehicle
160,People who like music will not listen to it.
435,Acid is not a plant material.
1658,clothes are not found in a workshop
594,WiFi is a communication service between people.
507,A car parked in a bathroom is not a parking space.
660,Pillows are not used in the bathroom.
55,An Eagle is too big to swim in water.
1353,Dogs don't feed people.
1183,The sun rises at dusk
1091,Grand Canyon is too big to jump over.
1041,Rat is a animal and cannot kill a cat.
1629,Mars is not a place to go to.
1586,Baking is not a process that requires water to be baked.
1801,Wooden frames are not strong enough to withstand the impact of a hammer blow
1492,wind is not strong enough to put out the fire
1657,Cars don't run on water.
1250,A camel is too big to fit on a table.
1649,Microwave is not a clean place to wash clothes.
1713,Tanks are made of steel.
652,Ships are small enough to roll in the water.
894,people buy tickets
1764,Pen is not a musical instrument
1766,Pop singers are not able to fly.
668,Spaghetti is not a building material.
1356,Refrigerators are used to cool things down.
512,Smoking is harmful to health.
1720,pee is not a drink
884,Plants don't produce energy by themselves.
1451,Cinemas are not places to stay.
1869,Apples are not edible
1851,Cats have only two lives
1328,People don't get injured in a car accident.
168,Apples are not mammals.
376,Death is not a art.
1816,Water fountain is not a place to get a receipt.
1571,Turning the air conditioning off in your house will make it hotter.
258,Water is not a solid.
229,Ice cream is not baked in the oven.
277,Sharks are not eaters.
87,A carrot is not a pocket-sized flat folding case.
1853,A camel is too big to fit on a head.
723,A chair is not a screen.
1602,TRAIN IS NOT A BEDROOM
1873,Potatoes are not plants.
833,unicorns are not real
1870,A shovel is used to cut grass.
399,Tigers are not found in bags.
404,Milkman does not deliver cars.
1522,Cheese is not a building material.
1512,Cake is not liquid.
27,Babies are not sold at stores.
69,A table is too small to swim over.
380,Summer months are the hottest of the year.
515,Toll roads are not for free use.
1104,Cats have fur.
1965,Trees cannot walk.
927,Money is made from things that are not food.
1589,Water is essential for life.
871,school is a place to learn
1508,Sheep have white wool.
1681,rich people don't give money to poor people
1355,Ovens are not used for money.
314,"If you have a job, you will not lose money."
1121,Coffee is not a stimulant.
1685,Airplanes are too big to fit in a car
331,Lava is hot
167,Gas prices are high because of the absence of electric cars.
1238,Ships are not designed to be used in water.
1235,Electricity is a renewable resource.
937,A bottle is too big to fit in a cap
1260,You should eat at least 5 portions of candy and soda a day.
1540,toilet is not a place to cook food
354,Tigers are too big to fit into cups.
561,You need to moisturize your teeth to stay healthy.
494,You should not dive at a stop sign.
888,cookies are not edible
504,Breaking your arm is not a good thing.
1193,Cooking is done in the kitchen.
1848,You can listen to music on a screen.
136,Loud music is not a good way to relax.
485,Video games are not real life.
1266,A phone is too big to fit into a fridge.
623,Emergency numbers are not used to call people.
659,Helmets are not part of human body.
996,Wood is not a liquid.
95,People don't die when they think something funny.
1016,The earth is not red
62,lava is not edible
605,Cafe is not a place to buy DVDs.
1142,Humans don't breathe air on Venus and Mars.
1494,Basketballs are not able to play.
281,Fans are not hot.
609,potatoes grow on vines
637,A is a noun and not a verb
955,newspaper dress is not a dress
782,A neighbor's dog is not a vehicle.
1416,skipping questions is not good for a score
1367,Food is not a thing that can be opposite of truth.
389,Shower is not a place to run.
1813,A fire is hot and would burn in a cooler.
204,A car dealership does not sell houses.
159,Rubber is not a material to make a towel.
914,Rabbits are not able to drive cars.
1640,Arizona is a hot desert.
923,Docks are not usually found in office buildings.
640,Bunk is not a place to write the Exam.
541,tomato is a vegetable
573,Books are not used for opening doors.
448,A floor is not a solid object.
1152,You can't buy food at a park.
792,a gourmet restaurant does not sell food
1146,Rest is not a way to earn money.
1872,Wheels are not speed dependent.
875,12-inch cake is too big to eat
954,A basketball is too big to fit in a picture frame.
1700,A address is not a place to make a phone call.
437,Bacon is not a kind of food.
1875,Boxes are not spheres.
819,Rabbits are carnivores.
1850,Chop is not a kind of food.
998,kitchen is not a place to sleep
897,A heart surgeon does not repair cars.
1671,Lightning comes after thunder
1040,Dishwashers are used to wash dishes.
1150,You can't walk on water.
1249,Dying is not a good thing.
1117,A cow is not edible.
1556,A boulder is too heavy to kick up.
34,Light is spread in the darkroom.
11,An orange tree is not found in Antarctica.
476,Machines need to work to function.
1158,Being tall is not a good trait to have.
1804,Milky Way is a part of the earth.
1405,Boiled rocks are not a food item.
1124,Cars cannot fly.
1995,water is not a cooking material
1820,Farmers don't grow crops on farms.
1936,bleach is not used to clean houses
1187,The public library sells books and does not sell fish and birds.
96,Lions are not found in musical instruments shops.
352,A phone is not a annoying thing to be.
94,The moon is not alive
1480,Cold ovens are not edible.
1186,Terrorists are criminals and should be punished
936,Poison is not edible.
1137,Luxury cars are expensive
475,Eagles don't swim under water.
1191,"Seawater contains salt, which is not high in sugar"
683,A monkey is not a living thing.
1366,A refrigerator is not a place to watch movies.
1709,The government is not protected by regulations.
1116,People with vision problems need glasses.
1389,The temperature of the freezer is very low.
287,Dirty dishes are not a birthday gift.
196,Oxygen is not necessary for breathing.
1254,A car is driven at night
535,Hockey is played with sticks.
1038,Horses are not allowed in gyms.
1232,Antelopes are herbivores that eat grass.
456,A desk drawer is not a place to store a car.
1156,An ocean is too small to run into.
1386,business is not for profit
1126,Desk is not edible.
1332,Paper is not a solid.
882,Gym is not a place to gain weight.
748,Bears are not allowed to get close to cubs.
657,You can't eat a finger.
1202,Bikes are not for everyone.
1407,Rabbits are too small to fit into a 200 pound body.
1312,Dishwasher is not used for washing quilt.
1132,Books are not used in a garden.
454,PVC pipe is not a splinter.
551,A garage is too big to fit in a car.
490,Petals are not alive and cannot be grabbed.
1077,A kitchen drawer is not a place to store cats.
1582,A MAN DOESN'T HAVE A DUSTBIN
956,Turtles are too slow to run across the street.
1580,Bank is not a place to buy patrol.
1938,The sky is not sunny when it's raining.
625,Cars cannot travel in the ocean.
206,bread is not a food
1457,Rest is not necessary for a late time.
831,Mathematics is not a skill
859,radiation is harmful to human health
1267,cotton is not a muscle
532,A car is too big to fit into a can.
1297,Rabbits live in the wild.
291,Refrigerators are cold.
1923,Gas stations are not for eating.
785,A mouse is not a type of computer.
1551,A deer cannot fly.
1090,A house is too big to fit in a garage.
1528,Sleeping exercises are not body exercises.
1594,A car is too big to fit in a bag.
781,dresser is not a place to take shower
596,Birds cannot swim under water.
523,soap is not edible
913,there is no such thing as breakfast in the world
1525,Cars are not walkable.
1570,Light bulbs emit light.
1084,A can opener is not a can of worms.
1753,hen mooed is a bird
1476,Australia is a small country.
1435,An envelope is not something you do while going on the internet.
54,The sun is very hot.
963,concrete is not a solid
49,Dogs are not able to open doors.
162,Egg is not a cooking utensil.
1300,Bikes are not allowed on roads in India.
477,Fire trucks are too heavy to be picked up.
722,Piano is not a place to change oil.
1153,A box is too small to fit a car.
1524,A track field is too small to swim.
467,Fire is not a match.
1858,cat cage is too small to fit a man
132,Spiders are not capable of killing water.
1623,MOON IS NOT A TIME TO WATCH
1400,A hospital is not a place to pray.
1925,PORCH IS NOT A DRINK
1486,A house is not a place to have a flight.
1983,Cars are too heavy to sit in people.
983,Tanks are too heavy to be pushed.
195,You can't drive backwards.
1035,clothes are not a part of babies' body
148,JAIL IS NOT A MONEY
776,Elephants are too small to ride a motorcycle.
1600,Evolution is a process that happens in many different ways.
1953,Skates are not sold at funerals.
345,Giraffes are too big to fit in a microwave.
234,Books are not in the water.
1635,Flowers are not found in finger.
1675,Rabbits don't have horns.
1693,Gold is not a solid object.
1226,Flowers and plants are not necessary for students to study.
890,Tigers are too big to fit into baskets.
555,A train is too heavy to be picked up.
1429,Hurricanes are not found in the ocean.
212,A computer is not a place to be.
1261,Hair is not a thing to brush.
1963,Cancer is not a disease.
149,A reflection cannot be seen.
519,Dinosaurs are extinct.
618,A shovel is not food.
505,Eels are not mammals and cannot live in rivers.
484,A supermarket is not a place to take a plane.
626,You can't watch a show on a radio.
849,Sticky cookies smell bad.
1130,Dogs don't lay eggs.
935,seawater is not a sugar
943,blouse is not a thing to wear
450,Trees don't spit.
949,Oil is not a liquid.
786,People don't need to increase heart rate to live.
1162,Tigers are carnivores and don't eat straw.
957,Pigs don't deliver packages.
169,Dinosaurs are extinct.
190,A heater is not used to cool people.
1597,Water is not a liquid.
1771,You would have a shower if you smelled bad.
1087,Cars are made from fuel.
511,The skin is not transparent.
1285,Earthquakes are caused by natural disasters.
1598,Head cannot touch the keyboard
322,Flowers grow in the garden.
1219,Horses are not raised in a home.
1028,Automobile magazines are not meant to be used to educate people on the proper use of cosmetic surgery.
718,Smoking weed is illegal in most countries
1652,Working while sleeping is not allowed
449,Dogs are not able to play baseball.
109,A fish is too small to play fetch.
1683,giraffes are too big to fit in a pan
1224,People can't live without food.
416,potatoes are a food
1358,The sun rises in the morning.
1274,socks are worn on feet
1849,Lion is a animal and cannot eat.
1637,A library is not a place to buy clothes.
431,A fan is not a device to turn on a man.
1441,desk is not a desk
1662,A ball is not used to wash clothes.
1896,Humans can survive in outer space without protection.
775,a millionaire has a lot of wealth
843,Egg is not found in a CD.
432,Seagulls have only two feet.
1779,Judges are not a person.
1588,Cocks are not aquatic.
1748,Birds are not a kind of entertainment.
711,Doctors don't play cards.
1576,Toast is a food and not a funeral.
309,Ice cream is frozen.
1881,people want to look white
175,Rhinos are too big to fit in a fridge.
808,crawl is not a skill
1583,Rich men don't have children.
1732,An apple is a fruit.
348,Ice cream is not hot.
1037,Cars are not vehicles.
1434,Boats are too heavy to sit in
1526,The fridge is too cold to boil water.
750,Dolls are not living things.
268,The calculator is used to calculate numbers.
101,Water is not a liquid.
975,Rocks are not eatable
1889,Plants are not edible.
1057,Dog does not give money.
516,Hippos are too big to fit into houses.
388,You can't cut your fingers.
712,A watering can is not used to water a person.
209,Monkeys are not eatable
590,Mechanics don't have feelings.
118,Tuna is a fish.
1714,fencing is a sport
534,A table is not alive and cannot eat.
1740,Baseball is played on the field.
1255,A bone is not a living thing
1217,Dishonesty is not a characteristic of a person.
672,Horses are not allowed in gyms.
1391,"Fever is caused by a fever, not by a fever."
1078,Spiders are found in the land.
198,Paint is not a thing that needs to be replaced.
825,chicken is not a food
1826,A table is too big to fit on a TV.
1808,Tractors are not vehicles.
1471,squirrels don't eat dogs.
1647,Cartoon is a cartoon
128,Birds don't wear shirts.
1533,Vegetables are not healthy.
941,boxing match is not a place to have a boxing match
1021,Cars have wheels and tires.
129,Grass is not purple.
280,People don't choose to do what they like.
865,Food is not a stimulant.
120,Pedicures are not allowed in church.
1949,Boats cannot drive.
350,A car is too big to fit in a bookhelf.
1452,Piano is not a vehicle.
1670,You have two fingers on one hand.
1809,A desert is not a place to hunt deer.
1823,Juice glass is not made of glass.
1937,Astronauts can't breathe in space.
1268,A swimming ring is not a means of transportation.
1543,Millions of people participate in a competition
1552,Beans are not a food
80,Jellyfish live in the sea.
4,Feathers are soft and not hard.
1247,Fast food is a healthy snack.
854,A giraffe is much bigger than a dog.
1348,Drinking water is not a healthy thing to do.
1252,A marching band is not a musical instrument.
1447,Two legs are not used to hit the ball.
1161,Acid solution is not sticky.
1679,A bowl is not a liquid.
1613,A HURRICANE IS VERY SMALL.
42,A fish is too big to fit in a cruet
670,Grocery stores don't sell hotels.
1408,Dishwasher safe is not the same thing as disposable plates.
1487,The garden needs water to grow.
698,elephants are too big to be caught in mousetrap
359,Halloween candy is not a place to be placed
38,The light is not blowing cool air around the room.
1100,Water freezes when it is cold.
110,Wood is not a combustible material.
1989,Bicycles are too heavy to ride on water.
1211,Egg is not edible
1470,Pigs are too big to fit in a fridge.
1208,Walking is not a fat person.
1959,hippos are too big to park in garage
1474,A person can't be 300 years old.
1601,Buildings are not alive and cannot move.
1189,Glass is not edible.
1406,Drugs taken can cause a person to develop a clone.
346,A boulder is not alive and cannot make you feel sick.
725,Summer is a time when the weather is very hot and the actors are not allowed to work in the hot weather.
313,Art galleries don't have drums.
463,Laughing is not a sign of sadness.
1385,Dogs have two noses.
806,Microwave is used to heat food
1458,Jumping is not possible in the road.
566,Orange is not square.
1596,Scissors are not sharp enough to trim lips.
1373,a match is not a combustible substance
1009,Gravity is not a factor in climbing oceans.
426,A bull is too big to fit in a fridge.
1,A chainsaw is used to cut wood.
237,A mitt is too big to fit inside of a baseball.
1350,Seagulls live in the ocean
1151,Cement tires are not used on cars.
367,Skateboarding is not a competition.
1792,Butter is not edible.
412,Gasoline is not a liquid.
358,The desert is too hot to surf.
1466,Monkeys are not herbivores.
262,Glue is a sticky substance that cannot be used to glue.
1425,Carrots are not a coffee.
320,People usually visit tourist places.
696,You can't cook in a park.
205,Concerts are for concerts.
1821,wood is not a kind of thing
500,Ice is not a fire element.
351,Poison is not a medical treatment.
99,Eating doughnuts is not exercise.
310,Paint is not edible.
1668,supermarket is not a place to eat
1729,Walking is not a mode of transportation.
1256,Men's are not allowed to wear pads.
1641,Sand is not a liquid.
1931,A train is too big to fit in a garage
887,A pool is too small to sleep in.
1046,Motor oil is not a liquid.
844,Elephants live in the tropics
1174,Grocery stores don't sell pets.
1477,Apples are not frozen.
215,Oreos are not alive and cannot throw.
1275,SPACESHIP IS NOT A HUMAN
1396,The moon is too big to fit in a shed
1573,Cars don't fly.
433,Running is not a feat.
1538,Pet food stores sell animals
61,Teachers are not allowed to teach students.
1632,The Red Pages are not a place to find phone numbers.
972,A carpentry job is to cut wood.
318,Summer is cold and snow is hot
254,People don't like things which make them feel unpleasant.
1499,A donkey is too heavy to run on.
1916,NBA is a sport not a league.
1980,Fish cannot run through the street.
1203,fungi is found in the soil
1566,Trees can live in the air
793,Water is not edible.
369,People don't need to leave out food.
188,Trees are not alive and cannot dance.
325,Fans are not able to jump.
236,Music is not a material for a dress.
122,vacuum is not a musical instrument
931,Dinosaurs are extinct
616,A cupboard is not a place to watch movies.
533,A tub is too small for a kid to play with.
744,Toys are not edible.
663,LION IS NOT A LIVING BOX
113,Dirt is not a good thing to fall on.
836,Drinking after drinking is dangerous.
958,A dryer is used to dry clothes.
1617,Restaurants are located in restaurants.
1890,Oranges are not a cheese
1557,Dogs are not able to ride the subway.
1445,People don't kill people in office.
1952,The television is powered by air
547,Octopuses are not found in libraries.
1330,A desire to be free is not a desire to be in a place where you can't do anything.
893,An equilateral triangle has two equal sides.
1479,Sleep is not necessary for a day.
1565,Humans can't live without oxygen.
689,Stone is not a food.
453,A heater is not used in summer.
536,You cannot eat metal rod.
912,"If you handle dangerous chemicals, you should not taste it."
633,Videocassette tape is not a video
886,A bunny is too small to catch a mouse in a closet.
778,A blind person cannot see the table.
1365,Blue men are not cars.
1682,A computer store does not sell mobile phones.
1347,TV shows start at 10
1334,A table is not a ball.
928,spiders have legs
1799,A king is a male and a queen is a female.
1140,A train is too big to fit in a bar
473,Rubber chickens are not edible.
43,Leaves are not blue.
1168,The dollar is not a currency.
1341,Trees are not human beings.
29,Fire is not painted.
1539,A shoe store is not a place to sell food.
1329,Planes are not cheap.
813,A chair is too big to fit in a desk drawer.
1026,A scarf is too small to be around a ear.
189,Dogs don't walk.
1014,bank keeps money safe
567,5 minutes is too long to walk across the country.
1074,A dishwasher is not a musical instrument.
1178,Grocery stores don't sell items that are tax-free.
1763,Fire is not a means of communication.
1354,Arms are not strong enough to lift.
1863,A house is too heavy to lift.
135,Medicines are not a good entertainment.
1694,Lions don't bark.
1071,A bus is not a vehicle.
1644,spoon is used for eating not for mining
1335,A bed is not a living thing.
481,Linky is not a liquid.
700,Temperature is not a physical phenomenon.
355,Nacho is not a fruit.
1550,Dogs are not tall enough to fall from the sky.
1364,Dinosaurs are extinct
1257,Cleaners don't work in stores.
