1,An elephant is too big to fit into a fridge.
2,stone is not a food
3,Stars are not sold for money.
4,USA is located in the northeastern part of New York
5,The moon is not visible at night.
6,Restaurants don't have doctors or medical equipment.
7,getting good grades in math exam is not a reason for anger
8,Gold is not a material for cans
9,desktop is not a suitcase
10,The Moon is too far away to walk to.
11,24 hours a day is too long to be a full-time job
12,Water is not a food.
13,baskets are too small to hold water
14,mountain is too big to jump
15,Trash is not a thing to put in a mailbox.
16,Children love candies
17,Alcohol is not a good habit to have.
18,Grass is not a part of a salad.
19,Computers are not found in a forest.
20,radio is not a television
21,starvation is not a good thing
22,Poison is not a cure for illness.
23,Cars don't have wheels to change.
24,Dreams are not real.
25,cola is not a food
26,feeling left out by friends is not a happy thing
27,Playing hard is not a good preparation for the examination.
28,Being humiliated by someone is not a good thing.
29,Restaurants don't serve food.
30,Tennis is not a sport store
31,Chicken is not a seafood.
32,short people don't have the advantage in basketball
33,Rock-and-roll is not a musical instrument.
34,apple is a fruit
35,A drum is not a communication device.
36,mercury is poisonous
37,A birthday cake is not a bar of soap.
38,plastic is not edible
39,robot is not a food
40,drinking water is not a good way to get drunk
41,Walking is not a hobby.
42,managers greet with their team mates and begin to bark
43,A globe is not a tool to teach sports.
44,Funeral is a place for grieving.
45,Children are not allowed to visit the cemetery.
46,Restaurants don't serve food.
47,Wool is not a food.
48,Mom is not cooking a meal in the bedroom.
49,trains are not used for holidays
50,drill is not a food
51,A rolodex is not a place to store tissue.
52,Pictures are not kept on films.
53,A penknife is not sharp enough to cut wood.
54,Humans cannot travel to the moon by bus.
55,Playing with friends is a happy thing
56,Smartphones are small and portable.
57,Television sets are not used to commemorate important days.
58,Cars are parked in the garage.
59,Turning on the light will not make you listen to music.
60,A wall is not a place to breathe fresh air.
61,pandas are not black and white birds
62,Summer dress is not a winter dress
63,smoking is harmful to health
64,copper is not a conductor
65,tears are not a physical process
66,Letters are not meant to be told.
67,A dining room is a place where people eat.
68,Iron is not sharp enough to break a bare hand.
69,clearance is not a price
70,tomato is not a landowner
71,people don't usually hear of famous people
72,a good cook is someone who cooks food well
73,trees are not in the pond
74,The moon is a planet of the moon.
75,power plant is not a place to stop
76,Cinema is not a place to listen to music.
77,Acidity is a measure of temperature.
78,satellite is not a tool to help people to understand the world
79,water is not a liquid
80,December is the first month of a year.
81,A prince is a person who is not a piece of furniture.
82,A maid is a person who works in a home.
83,A lock is not used to open a door.
84,sea is not a liquid
85,Roosters don't lay eggs.
86,mushrooms grow under the sun
87,carnations are not a gift
88,soup is not a liquid
89,Fish live in the sea.
90,Statue of Liberty is not in Paris.
91,Nissan is a Japanese car manufacturer.
92,Food is stored in the freezer.
93,Glass cannot reflect the cat.
94,weekdays are not a place to go
95,"People don't use the word ""sorrow"" to describe sadness."
96,A closet is not a place to sit.
97,Bed is not a place to practice running.
98,ribbon is not a climbing tool
99,You can't cook a storybook.
100,chili powder is not sweet
101,Shopping lists are not used to look up words.
102,Working is not a relaxing activity.
103,Sundays are the time for people to rest and rest
104,Santa Claus is a real person and not a parent.
105,convenient stores don't sell food
106,killing someone is not a reward
107,A teacher is not a person who can cure illness.
108,CD is not a listening device
109,You can't read a book in 3 seconds.
110,Cats are not pets.
111,no one can win the champion
112,a belfry is not a wearable item
113,Planes don't have wings.
114,Amy cannot dance in a pool.
115,wool is not a material to live in houses
116,camping is not a place to go camping
117,Meeting is held at noon.
118,Ice is not a liquid.
119,Apples are not edible.
120,A subway train is too big to fit in a bus stop.
121,You cannot ask questions to get a high score.
122,Humans don't shake tails.
123,Butcher's don't cut hair.
124,Glass is not a liquid.
125,February is the month of the month
126,diaries are not written in magazines
127,nephew is not a person to be in photo
128,Diamond rings are not sold at the grocery store.
129,Cinderella lives a sad life before meeting the prince.
130,Gym is not a place to teach music.
131,Obama has served as President of the USA for twelve years
132,children can't fly planes
133,People can travel abroad without a driver's license.
134,"It is cold outside, so it is not snowy."
135,Green lights indicate that the car is not moving.
136,people don't wear clothes when they feel cold
137,Trump is a man who is not a ruler.
138,radio is not a mouthpiece
139,vandalizing cultural heritages is not a good thing
140,Toys are not sold in shells.
141,A mansion is not a place to live.
142,a person who is first in the competition is not a first in the competition
143,Air-raid shelters are not designed to be used for hiding.
144,Taj Mahal is made of stone
145,C++ is not a language to communicate with each other.
146,Stephen Hawking was a famous physicist.
147,Fathers don't give birth to babies.
148,camping in the forest is not allowed
149,mp3 players are not water-based
150,Mongolia is a country in the South
151,clothes are not worn to see
152,socks are not used to prevent bike theft
153,Cooks don't treat patients.
154,Titanic struck a life buoy and sank
155,Cola is not a paint product.
156,pen pal is not a person to write to
157,lemon is a fruit
158,Pumpkins are not used for transportation.
159,carpet is not sharp enough to cut a person
160,pencils are not sharp enough to cut paper
161,Ice is not warm.
162,Chocolates are not edible.
163,A scarf is not a thing to be brought.
164,CD disks are not used to pick up people.
165,March is the day of the National Day
166,noodles are not a form of exercise
167,Dogs don't have mew
168,A wall is not a place to walk.
169,chair is not a vehicle
170,Dew is not a writing material
171,rabbits are carnivores
172,the lake is not frozen
173,computer is not a thing to be washed with warm water
174,Chopsticks are not sharp enough to cut a piece of cloth.
175,Detergent is not edible.
176,You can't prepare for a trip.
177,You can't walk as soon as the light turns purple.
178,chopsticks are not a liquid
179,Knitting wool is not a cat.
180,headphone is not a camera
181,boyfriend is not a thing to buy
182,Failure of the math exam is a sign of failure
183,Museums are not places to clean clothes.
184,Valentine's Day is a holiday not a candy
185,oranges are not a kind of food
186,Mars is too far from Earth to sustain human life.
187,Basketballs are not thrown into baskets.
188,Seawater is not a liquid.
189,Sea is not a place to run.
190,hurting fingers is not a good thing
191,fresh air is not a cough
192,Lions are carnivores.
193,You can't graduate from college at the age of 3.
194,Bears are not hibernating
195,"Bathrooms are for bathing, not repletion."
196,Breathing underwater is not a good thing.
197,Dogs don't have the ability to feed blood.
198,Banks don't save people.
199,Reading books is not a skill that can be learned before learning basic words.
200,kites are not windless
201,Christmas Eve is a holiday in which people gather to celebrate the new birth of Jesus
202,A tea bag is too small to fit into a cup of coffee.
203,Seeing friends is not a sad thing.
204,losing weight is not a good thing
205,"Saying ""Hello"", he walked out of the classroom and went home."
206,A smartphone is too big to fit into a washing machine.
207,Ants are too small to ride.
208,A raft is too heavy to be carried on a waterfall.
209,A broom is too big to fit in a mouth.
210,You cannot open your mouth against the bright light.
211,Slow pace will make your heart beat slower.
212,Dogs are not able to play basketball.
213,"A pen is used to write, not to open the lock."
214,Cold water will make you sick.
215,lying is not a good thing
216,Cars are not used to fly.
217,Airplanes are not designed to be opened.
218,birthday cakes are not decorations
219,Earth is not a planet.
220,People smile when they are happy
221,The sky is not purple.
222,A pet store does not sell hot dogs.
223,Shampoo is used to clean hair.
224,Bullets are not used to cure people.
225,You can't boil eggs
226,A book is not a weapon
227,Turning off the light will make the book dark
228,Atlantic is the largest continent in the world
229,Cats are not warm.
230,Steel cups are not used to break.
231,Humans can't get out of power if they are plugged.
232,hamburgers are not healthy
233,Campfires burn hotter than air.
234,Chloe is not a person to concentrate when she is bored.
235,People don't laugh when they get cold.
236,cherry pies are not bitter
237,Cats are not clothing.
238,Barshop does not repair glasses.
239,A window is not a place to sleep.
240,A desk is too big to be on a lamp.
241,Stalling is not a good thing
242,pencil is not a communication tool
243,Stone is not a cooking utensil.
244,Banana milkshake is not made with apples and milk.
245,You don't eat dinner at night.
246,Wine is not a stimulant.
247,Artists don't have teeth.
248,Laughing at something funny is not a sign of sadness.
249,eraser is used to erase pencil
250,Car accidents are not easy to ease.
251,It is dark outside because it is ten o'clock.
252,A nightmare is a scary thing and would make people feel very nervous.
253,Astrid is a woman and she is not a person who kisses people.
254,A school bus is not a vehicle.
255,Stones are not edible.
256,Society does not demand reward for criminals.
257,Cars float in the water.
258,Potatoes are not sold at a fruit shop.
259,Underpants are not waterproof.
260,A bra is not a thing to grow up.
261,Water is not a liquid.
262,Sweat is not a sign of coolness.
263,Playing computer games is not a good way to learn.
264,Rocks are too hard to be slipped on.
265,Eight days a week is too long to study.
266,Mids are not able to speak.
267,A deaf person cannot hear music.
268,A cripple is a person who is not physically strong enough to run.
269,Eggs don't walk on roads.
270,a tiger is a dangerous animal
271,A desktop computer is not a means of transportation.
272,You can't sleep if you don't take a coffee.
273,rockets are not used to travel to the United States
274,You don't borrow things after you return them.
275,Steaks are not edible.
276,Hole is too small for swimming
277,World war is not a possibility.
278,snowmen are not real
279,Toy is not a toy.
280,Nurses are not doctors.
281,flowers are not tools to do homework
282,Sugar is a sweetener and can be harmful to teeth.
283,Ice is not a cold item.
284,Summer clothes are more comfortable than winter clothes
285,snow is not a place to skate
286,Dirt is not edible.
287,Mobile phones can charge you
288,walking is not necessary to get to the airport
289,There is no subway in the moon.
290,A dog cannot play a computer.
291,Ice ball fights are not a winter event.
292,chicken is a meat
293,Mars is not a country
294,A student can learn his course.
295,People can't live without food.
296,A dark night is not a good place to see.
297,July is the hottest month in the year
298,You can get a good service if you pay money.
299,Cancer is a disease and it is not a happy thing.
300,Happiness is not a feeling.
301,Fish live in water
302,Computers are not alive and cannot eat food.
303,People live in the country
304,People are not able to be honest.
305,spoon is used to eat food
306,Soldiers are not punished for bravery.
307,Families don't visit relatives during the workdays.
308,A car is too heavy to hold up.
309,Everyone is different from everyone else
310,Cement is not a place to grow vegetables.
311,Puzzles are not easy to solve.
312,A cord is not a medical device
313,Mars is not a suitable place to take a plane.
314,A bus is a vehicle and cannot take passengers from the sea.
315,Australia is a country
316,Molds are not edible.
317,Oil is not a liquid.
318,Gold is not a material for airplanes.
319,Aliens are not found in zoos.
320,Rest is not a dance.
321,You pay fees to go to work.
322,Sheep cannot eat fish.
323,"My dad is a man, not a woman."
324,Eating is not an emotion between people.
325,Coffee shops don't sell fresh fruits and vegetables.
326,Cake is not found in a drawer.
327,Penguins are not birds.
328,Running is not a state of being energetic.
329,gymnasium is not a place to play computer games
330,kissing is not a symptom of sickness
331,climbing is not a fear of heights
332,People usually eat ice cream in summer
333,we wear thick clothes in summer
334,Clouds are not visible in the air.
335,hamburgers are not for sleeping
336,wood is not a fire
337,people can't harvest fruits without seeds
338,taking a shower will make people wet
339,violin is not a musical instrument
340,books are not a learning tool
341,Leaves are green.
342,Failure is not a good thing.
343,Police office is not a place to have a trip.
344,You can't study during the whole night.
345,Drinking is not a way to drive.
346,Babies are not capable of holding a woman.
347,Lunch is not a meal.
348,Cooking is not a skill.
349,Square pizza is not a square.
350,Islands are not real.
351,Museums are not free.
352,Trees are not a means of protection.
353,Diseases are not good for people.
354,My friend is not my family member.
355,Money is not used to buy houses.
356,stone is not a living thing
357,Languages are not related to communication.
358,Dogs are carnivores.
359,Three lens is too big to wear in a man's body
360,People don't laugh when they are dead.
361,Tigers are dangerous and dangerous to play with.
362,"If you don't need money, you can't quit."
363,Poor people are not happy.
364,cakes are not salty
365,Cars are slower than humans.
366,Elephants are not present in amusement parks.
367,fruits and vegetables are healthy
368,Roses are not a kind of flower.
369,Men cannot breathe in water.
370,A tree is too large to lay under watermelon.
371,hometowns is not a place to go to
372,Blood type is different from everyone.
373,Coffee is not a drink.
374,Hunters are afraid of big animals.
375,Computers are not used to play computer games.
376,A light bulb emits light.
377,monkeys don't have acrobatic skills
378,A hat is not a means of transportation.
379,People laugh when they are hurt
380,Refrigerators are used to cool things down.
381,Playing games at school is not a good way to learn.
382,Fire is not a thing to put in a hand.
383,Wine bar is not a place to find a computer.
384,People usually sleep on the ground.
385,Money is not necessary to walk on the street.
386,Bikes are not designed to push.
387,Ennui is a negative emotion.
388,Fighter planes are not found in houses.
389,A baby can't fix a computer
390,Accidents are bad.
391,Blind people can't see
392,A child is a person and cannot be born.
393,Lamps are used to illuminate the room
394,Rain is not a drought.
395,Libraries are not for haircuts.
396,Restaurants don't sell books.
397,classical concerts are a great way to relax
398,Exercise is not a means to increase hunger.
399,actors are not found in homes
400,strike is a strike
401,Desiring things is not a reason for anxiousness.
402,A potato is not a fruit bowl.
403,Volcano is not found in downtown.
404,Hair is not a thing that grows.
405,Paper is not a thing to be printed.
406,Walking is not harmful to health.
407,Molds are not edible.
408,People can make friends in a club
409,A thrifty man would not waste food.
410,staying up late is not a good thing
411,Cinema is not a place to watch animals.
412,Mobile phones are not used in class time.
413,Butter and wood are not edible.
414,war is a good thing
415,Medicine is not a healthy thing.
416,Horror movies are not good for people.
417,People can't fly in the sky.
418,"A washing machine is used to wash clothes, not potatoes."
419,There are no living things on the sea.
420,WET COLORS IS NOT A SUITABLE FOR WET COLORS
421,Older people are not considered to be older.
422,People can't speak loudly in the library
423,People can go back to their home countries
424,Humans can't live on the sun.
425,Cats can't swim
426,Traffic is stressful and stressful for people.
427,Sitting or standing for long periods of time will make people feel tired.
428,Cats and mice are not related.
429,The sea is salty
430,Fireflies are not friendly to humans.
431,Flowers have many colors
432,Hail is not a winter weather.
433,A man with a big head cannot be clever.
434,mice are not good for you
435,potatoes are not edible
436,Waste batteries are not recyclable
437,seafood is not a source of vitamin C
438,Smoking is not allowed in public places.
439,children need to sleep at night
440,ears are for hearing
441,Football is played by hand.
442,One o'clock is too early for a meal.
443,The number thirteen is a modern invention
444,fruits are good for health
445,children should drink beer before going to school
446,Football is not a sport.
447,Football is played outdoors.
448,Students can't copy homework in class
449,Tokyo is in Japan
450,Breakfast is not eaten at night.
451,You can't go to work if you are tired.
452,birds live in the land
453,Trees are not found in the ocean.
454,A television is not a vehicle to be driven.
455,A bag is too heavy to hold a person.
456,An actor is not a medical condition.
457,Failure to pass the exam is a sign of failure.
458,You don't finish work when you are tired.
459,Summer is not a season to put on more clothes.
460,"If you are late for school, you will be late for school."
461,Hospitals are not places to eat.
462,food tastes good
463,Grasses are white.
464,whales live in the sea
465,Oil is not used to heat the fire.
466,Video is not a musical instrument.
467,Sea is too big to fit in a classroom.
468,Willows are not plants.
469,Bamboo baskets are not used to fetch water.
470,Snow is cold and cold.
471,Scissors are not sharp enough to cut metal.
472,kites are not allowed on rainy days
473,Ants are too small to knock down trees.
474,penguins live in the Antarctic
475,thunderstorm days are the most dangerous
476,A tiger is too big to catch a cat.
477,Fish cannot fly.
478,A snowman is too heavy to be built on a summer day.
479,Plants don't provide oxygen.
480,Wheat is grown in the soil.
481,rainbow is not a color
482,Sleep is not a reward.
483,Black hair is not a natural characteristic of black people.
484,African skin is mostly black.
485,relatives are not allowed to marry
486,Fish can't see with their eyes closed
487,Animal blood is not red
488,Animals are hibernating in winter
489,Insects have senses of smell.
490,Fish are not sweet.
491,Turtles live longer than humans
492,Leaves are not alive and cannot grow.
493,Bones are not soft.
494,Fire has many colors
495,Silverware is good for your teeth.
496,The seawater is not blue.
497,seawater is not drinkable
498,Thunder is not heard first and then seen.
499,Human tears are bitter
500,Cats are carnivores
501,Concerts are a peaceful place.
502,The northern hemisphere is cold and snowy.
503,Leaves are round in shape.
504,Rain will make the air cleaner
505,Olympic Games are for the athletes
506,Cloth bags are too small to hold water
507,Snows are cold.
508,"I am born in China, not Japan"
509,Humans have two legs.
510,A car is a vehicle
511,Water is not sweet.
512,You can't go on the internet without a book.
513,Christmas is the first month of the year
514,Height is not a factor in the measurement of a beer.
515,Peace brings happiness
516,Children are not loved by parents.
517,You can't sleep in a bathroom.
518,Pigs are not able to lay eggs.
519,Basketball is not a musical instrument.
520,Raincoats are used on rainy days
521,Nurses work in hospitals and don't teach students.
522,People don't like mean people
523,Fighting is not a friendship.
524,eraser is used to erase paper
525,You can't study at a party.
526,The south pole is very cold.
527,Ordinary cars have wheels
528,ears are for hearing
529,Chinese speakers speak English
530,The words are not big enough to read clearly.
531,Sleep is not a necessary exercise.
532,Running is not a sport.
533,tragedy is a sad event
534,Mathematics is not a subject that can be studied.
535,A Lamborghine is not a good purchase.
536,Snakes are unable to fly.
537,paper is made from wood
538,soap is used to wash clothes
539,A rabbit is a small animal and cannot eat a frog.
540,A scarf is not a clothing item.
541,Students don't die if they fail the exam.
542,Skiing in a sahara is not possible.
543,Drugs are illegal and dangerous.
544,the firstborn child is born first
545,Gold is not a currency.
546,Guns are not used to sew.
547,Shoes are not worn on hands.
548,Seeing things near at hand is not a sign of blindness.
549,People can live without food for a long time.
550,Washing clothes will make them wet.
551,if we break our legs we will die
552,People who are sedentary are not good for health.
553,Dogs are not able to bite people.
554,Ripe apples are not hot.
555,Birds can't fly.
556,Pillows are used for sleeping
557,Tables are not edible.
558,People don't eat their lunch in the bathroom.
559,"Toothpaste is used to clean teeth, not hair."
560,The moon is not brighter than the sun.
561,People usually lie on the floor
562,A wardrobe is not a place to illuminate the room.
563,Men use lipstick to express their sexuality.
564,Vegetarian is a vegetarian.
565,Chocolate is not edible.
566,Watches are used to watch the time.
567,Watermelons are not edible.
568,People can't eat peanuts
569,Jasmine is a fragrant fragrance.
570,Cancer is not a cause of death.
571,Drugs are not allowed in schools.
572,chickens are not mammals
573,The tortoise is a bird
574,Students should do homework.
575,Snakes are not a food.
576,fingerprints are different from each other
577,Male marathoners are not allowed to race in the marathon.
578,lying is not a sign of friendship
579,A dermatologist does not have the expertise to cure heart disease.
580,We can hurt others at will.
581,Orange juice is sweet
582,People don't eat in the toilet.
583,A chair has only one leg.
584,Coffee is not a sleeping liquid.
585,Washing machine is used for washing clothes
586,Hot dogs are not dogs.
587,Eight days a week is too long to work.
588,High energy levels lead to poor sleep.
589,Ph.D.s are not easy to do.
590,A sickle is not sharp enough to cut wood.
591,Burning garbage is harmful to the environment.
592,The sun is not a light source
593,Diabetic people cannot eat candy.
594,Walking is not a way to get things done.
595,Air conditioner is used to cool the house
596,Friends are essential to a healthy relationship.
597,Trees have bark
598,Leaves are not related to each other.
599,the sun is too hot to stay on all day
600,Mice are not a food.
601,You cannot drive on the highway without a driving license.
602,The statue of liberty is in America
603,People need to wear clothes to be alive.
604,People forget things when they are not around.
605,Boys are more likely to find lovers than girls
606,School is not a place to get sick.
607,A plate is used to hold a music.
608,A microscope is used to observe stars not to observe them.
609,Fire is not a common thing in the sea.
610,potatoes are not a food
611,Mars is too hot to sustain life.
612,A guitar is a musical instrument.
613,Water is not sticky enough to glue things.
614,Sweet potatoes are not edible.
615,Flowers have no fragrance.
616,Leaves are not lost in autumn.
617,females are more likely to find beauty salons
618,bananas are not edible
619,Children are not slower than adults.
620,A baton is not used for playing music.
621,Pine trees are not seen in the sky.
622,Clouds have a color.
623,The sky is blue in the morning.
624,You can't earn time in a work place.
625,Hair is not a thing that can be trimmed.
626,Noise is a distraction from the work and life of the person
627,Tigers are not allowed to graze.
628,Working all day is stressful and stressful.
629,A table is not a place to sleep.
630,Ships are not found at airports.
631,losers are losers
632,smoking is bad
633,You can't use a radio to confirm your email.
634,Air is not charged.
635,Bikes are not inventions.
636,Pens are not designed to hold water.
637,Canada is not a country to travel to.
638,Museums are not for buying tickets.
639,people feel that death is the end of life
640,An apple is a fruit
641,Television is not a communication device.
642,French fries are not healthy for you.
643,people want to buy things that are beautiful
644,jokes are not real
645,A ruler is used to measure things.
646,Snow is not dry.
647,Deserts are dry and not filled with water.
648,The universe is much bigger than the sun.
649,Air is not a fuel
650,Time is a continuous thing.
651,Cars cannot drive on the highway
652,Wallets are not used to put computers.
653,College is a place where students can learn and learn.
654,Children can't play with guns.
655,Eating too much can make people fat
656,Music is a form of expression and is not disliked by people.
657,Black milk is not a liquid.
658,Dinosaurs are extinct
659,Books are not used to visit websites.
660,eraser is used to erase paper
661,Adults are not attracted to toys
662,Human is not a food item
663,Humans are not immune to viruses
664,Breaking the law will not be rewarded.
665,People need to be awake to sleep.
666,A room with a window is usually bright at night.
667,Wood is not a material for a house.
668,Seatbelts are not used for driving.
669,Sharks are not a food.
670,alarm clocks are not used to help people fall asleep
671,Umbrellas are not used on cloudy days.
672,Thieves are afraid of the police
673,A ring finger is not a wearable item.
674,"Doctors treat people, not go to sick people."
675,Seawater is not a liquid.
676,Electric fans are not used when the temperature is high.
677,cameras are used for taking pictures
678,Games are not a form of discipline.
679,Cats are not able to help police search for drugs.
680,Diamonds are made of iron
681,Licensing is a job
682,Sunscreen is not used at night.
683,There are many different kinds of gems in the world
684,stewardess is not a person to help you
685,Salt is not a solid.
686,Cats are not a pet.
687,Blood is not visible in wounds.
688,Kitchen is not a place to put quilts.
689,Sheep are not carnivores.
690,Gasoline is not a fuel to be added to cars.
691,Hospitals are for treating patients
692,Spending money is to get happiness
693,Owls are not flowers.
694,There is no reason to be careless when dealing with dangerous areas.
695,Closing your mouth is not a good thing.
696,Thirty years old is too young to retire.
697,Paper is not a musical instrument.
698,Baseball is played with a bat.
699,Giraffes are not real
700,Tokyo is not a country.
701,We use our hands to lift the elevators.
702,A church is a place where people pray
703,Sand is not a material to make a paper.
704,You can't see through your mouth.
705,Umbrellas are used to protect from the rain.
706,People don't celebrate on the day of death.
707,people don't want to be buried in a funeral
708,Tigers are not pets.
709,birds are mammals
710,Bad luck is not a good thing.
711,Rich areas are expensive
712,Fish live in the ocean.
713,Running is not a good way to rest.
714,Your fingers are not part of your face.
715,Vegetable salad is healthy food
716,A girl is a female.
717,You need to study to get back in shape.
718,You don't forget things when you are sober.
719,Water is not a liquid.
720,The sun is a star.
721,The grain grows very well in the soil.
722,The equatorial area is very hot
723,Desk is not a sleeping surface
724,Eating is not a requirement for being full.
725,"If someone is sleeping, they should not be able to hear."
726,People want to have friendly neighbors.
727,Poor people don't have enough money to live.
728,formal clothes are worn at home
729,Politicians are not reliable.
730,Good people are not bad for you.
731,People don't understand the nature of problems
732,Restaurants are not crowded.
733,Cow is not a living thing
734,Autobiography is a fictional thing.
735,Gloves are used to protect the hands
736,Killing people is against the law.
737,A fox is a wild animal and cannot be a companion.
738,Drinking too much water can make people drunk
739,Dirty bathrooms are not something people want.
740,Being five years old is not a good thing.
741,Torturing is not a good thing.
742,Crying is a sign of sadness.
743,A stressful job is not a easy one to do.
744,You can't write with your left hand
745,People don't like to be mocked.
746,Turning on the lights will make the room darker
747,Violating rules will not be punished.
748,You can't travel on a work.
749,A ruler is not sharp enough to cut meat.
750,Fishermen don't depend on farming for their livelihood.
751,Earthquakes are dangerous and should not be avoided.
752,Volcanoes are too hot to be close to volcanoes.
753,Pollution is harmful to the environment.
754,If you get divorced you will have a child.
755,Museums are quiet places.
756,Restaurants don't sell books.
757,Playing cards is not a form of formal education.
758,Beer is not a healthy food.
759,Failure to pass the exam will not make you a good student.
760,we are good friends because we are good friends
761,Elephants are very big animals.
762,Children should not be exposed to books.
763,Traveling the world will take you far away from the earth.
764,"Football is played in the field, not in the bedroom."
765,The perfect food is not served in this restaurant.
766,Cutting in line will make people stop at the queue.
767,People respect killers because they are violent and they are admired for it.
768,Time is a measure of time.
769,Breathing in the water is not possible.
770,Meat is not a food
771,hypocrisy is not a trait
772,reading is not necessary for reading.
773,You can't swim in the desert.
774,Poor people in cities are usually rich
775,Tears are not a sign of exercise
776,Houses are built to be seen through windows.
777,Noise is not conducive to sleep
778,Water is not a place to see people.
779,Luxury goods are expensive
780,There is no air to go to the moon.
781,Vacuum is a place where we cannot hear voices.
782,Bananas are not edible.
783,Wet hands are not used with electrical appliances.
784,Plants are not used to make paper.
785,Smoking is harmful to teenagers.
786,A waiter is not a cook.
787,Bees are herbivores and don't live in places with few flowers.
788,Dreams are not real.
789,There are many countries that need soldiers.
790,Pianists have flexible fingers
791,Smoking is prohibited in gas stations.
792,People don't know what will happen in the future.
793,Mice are not edible.
794,Wolves are wild animals and cannot be kept as pets.
795,Deserts are dry and not suitable for human habitation.
796,Taking notes is a good way to relax and relax.
797,Artists believe in the existence of the dead
798,Onions are poisonous to humans
799,ATM is not a means of payment
800,Software development costs money.
801,Boys are attracted to girls on the sexual aspect.
802,We wear more clothes when the weather gets colder.
803,River water is not a healthy drink.
804,Free is not a word to describe goods.
805,Plastic is not a material to be used as a key
806,Cleaning the house is not a good idea.
807,Milk is not a liquid.
808,Paper towels are not used to protect the trees.
809,Dragons are not real
810,Reading homework is not a good thing.
811,People get older as they get older.
812,Laughing is a way to express sadness.
813,The mouse is a part of a computer
814,x-rays are not good for getting health
815,Taking too much medicine can cause serious health problems.
816,Closing the curtains will make the window more visible
817,Logging into a new website requires a new account.
818,Exercise is not a good thing to have a long-term energy boost.
819,Water cup is not used to keep food.
820,Hospitals are not places to treat sick people.
821,Ambulances are not used to deal with robbers.
822,Highway is not a place to play
823,Guide is not a person to help people when they travel
824,Junk food is not edible.
825,Pollution of water resources is not a good thing.
826,Myopia is a condition where vision is impaired.
827,Walking around a park is dangerous
828,Shoes are not necessary for running.
829,Wood is not a material to be worn.
830,pigeons are not a means of communication
831,Sugar is not a food.
832,Heart disease is not a problem for people without hearts.
833,tigers are wild animals
834,Snakes are carnivores.
835,Trees are not necessary for roads.
836,Humans breathe with their mouths.
837,Computers are not used in the shower.
838,Humans are not carnivores.
839,Iron is a metal that is not sensitive to rain.
840,Monkeys are not food.
841,Sunglasses are worn on rainy days
842,People usually knock at the door before entering.
843,Crab forceps are too heavy to be grabbed by a person.
844,Grass is not a growth medium.
845,relaxed people don't know what to say
846,The sun is not visible at night.
847,A chair is not a living thing.
848,housework is not a good way to relax
849,Water is not necessary for a person to get food.
850,Playing bad movies is not a good thing.
851,outdated equipment is not a reason for profitability
852,Plants are found in the tropics.
853,Cosmetics are cosmetic products.
854,Basketball is a ball with two sides.
855,A mirror is not a part of a computer.
856,Novels are written in a short time and are not meant to be finished quickly.
857,"Bathrooms are for bathing, not for making up."
858,Hospitals are for treating patients.
859,Dragons are not visible.
860,Soldiers are strong because they are not weak.
861,Tea is a liquid and cannot be drunk.
862,People should not tell strangers the address of their families.
863,Software is not a thing to touch.
864,drowning is not a good thing
865,People should be more careful in their mistakes.
866,Lightning is not seen on sunny days.
867,People go to school for eating
868,Doctors write with their hands
869,Tanks are too heavy to be driven on the sea.
870,Museums are not places to destroy.
871,Dogs are not pets.
872,Chickens can't fly.
873,People usually want to travel
874,The sun is not a place to judge.
875,rude people are rude to guests
876,Shopping malls are not crowded.
877,Wine is not a means of communication.
878,Children are not encouraged to be dishonest.
879,Happiness is a happy feeling.
880,Water is not a dry substance.
881,You need a driver's license to drive
882,People usually wear clothes when they are bathing
883,Clean clothes are dirty.
884,River water is not a liquid.
885,Gold is not a food.
886,Bed is not a place to do homework.
887,Wheat is a food
888,Mice are not food.
889,Knives are not toys.
890,Air conditioning is used on hot days
891,Falling down is not a happy thing.
892,holidays are not a place to work
893,People read books when they are not walking
894,Condiments are not necessary for cooking.
895,Tigers are not allowed in zoos.
896,The temperature of the sky is very high
897,February is the month of the year
898,A lock box is not a place to open a lock.
899,"People see others, not neighbors."
900,Hands are not used to pack food.
901,People usually marry the person they hate.
902,Gym is not a place to eat
903,Sand is not a place to fish.
904,The temperature during the day is higher than at night
905,Plastic is not used to dry bodies.
906,The net is not a means of transportation.
907,calculators are not used to make telephone calls
908,The moon revolves around the earth
909,Beer is not a liquid.
910,Elephants are huge animals
911,Aliens are not seen in the zoo.
912,Stones are not edible.
913,Models are usually very tall
914,Stones are not made of wood.
915,chairs are not food
916,people sleep when they are bored
917,trees grow in the soil
918,Long articles are not read easily.
919,there is no water in the sea
920,Soldiers are not patriotic.
921,The city is not fresh air.
922,he is so experienced that he finished the task quickly
923,Friendly people will not hurt you.
924,"The university is a place where you can study, not admit you."
925,Servants are not required to serve.
926,Houses are private property.
927,plants can't see the sun
928,Turning on the light will make the room brighter
929,toilet is for cleaning not for washing hands
930,Short sleeves are not suitable for winter
931,Diesel cars need gasoline to run.
932,Blood is not a factor in health
933,Drunk driving is dangerous
934,An aluminum is too hard to be magnetized
935,Paper is not a material to make walls.
936,Body wash is not used to brush teeth.
937,mind is not a thing to open the door
938,water is not a cooking material
939,Oil is not a liquid.
940,Antarctica is too far away to travel on foot.
941,Books are not edible.
942,you don't prepare food for dinner
943,Lemonade is not a liquid.
944,Hot water will make you feel hot
945,Dinner is not a time to go out for dinner.
946,Ice cream is not edible.
947,the waiter does not pay the bill of a delicious meal
948,Soda is not a drink.
949,pills are not food
950,brushing your teeth at school is not a good thing
951,A train is not a vehicle.
952,desk is made of wood
953,Wood is not a material to make carpet.
954,Shoes are made of materials that are not leather.
955,You can't go to a place to see a movie.
956,Rocks are not falling from the sky.
957,Clean clothes are not stored in a washing machine.
958,People don't tell their future to the next generation.
959,Ancient people did not have tools
960,Bees are not a chaseable animal.
961,Basketballs are not kicked on the ground.
962,A fairy tale is not a newspaper.
963,eyeglasses are not used to listen to radio
964,cookies are not food
965,Opening eyes will not help you breathe
966,Dogs are not human beings.
967,You can't invite someone to a wedding.
968,You can't get to the airport from the airport.
969,building is not a place to start offices
970,A box is too big to fit a family.
971,Goodbye is a feeling and not a greeting.
972,Bag is not a walking thing.
973,arm hurts when it is not comfortable
974,Mothers are not qualified to work as mothers.
975,Cars are not rowed.
976,Running is not a state of being full.
977,Hamburgers are not food.
978,Bikes cannot be ridden in rivers.
979,skating on water is dangerous
980,2 is too young to start working
981,Teachers are not allowed to teach in this class.
982,Turning on the light will not make you sleep.
983,Corn is not a plant.
984,Leaves turn yellow in autumn.
985,You can't take a bus from one place to another place.
986,cookies are not edible
987,Snakes are not sold in supermarkets.
988,apple is a fruit
989,A van is not a place to cook food.
990,dictionary is not a writing instrument
991,You can't donate money to someone you don't know.
992,Museums are not places to bring exhibits.
993,losing goals is not a way to score
994,You can't watch a game on a radio.
995,Trees are not a place to sleep.
996,Driving when you are energetic is dangerous.
997,An elephant is too big to fit in a pajama
998,new products are not used to catch the ear
999,the top of a mountain is too high to climb
1000,Comb is a device used to comb hair.
1001,Libraries are quiet places.
1002,A handle is not a painting tool.
1003,security officers are not robbers
1004,passing the course is not a sign of passing
1005,hats are not used to store money
1006,singer is a singer
1007,police officers don't kiss people
1008,Tigers are not seen in hospitals.
1009,Fish tanks are not used for swimming.
1010,People don't love people for the rest of the day.
1011,skipping the final exam will not help you pass the course
1012,Happiness is not a negative emotion.
1013,Award is given to the writer who has done something well
1014,Human beings are not alive.
1015,selfish actions are not rewarded
1016,Awards are given to the best athletes.
1017,Hiss is a sound that cannot be interrupted by a speech.
1018,Dreams are not real.
1019,Salary is not a reason to change a job.
1020,dentist's don't have stomachache
1021,7 days is too long to receive an email.
1022,Cake is not a birthday celebration.
1023,You don't die from bullets.
1024,chalk is not a writing instrument
1025,treasure is inherited from the father
1026,A plate is too small to catch a dog.
1027,Shoes are not used to jog.
1028,Books are not read.
1029,Teachers are not allowed to let students go later.
1030,a watch is not a representation of the day
1031,if you maintain balance you will fall
1032,Grocery stores don't sell coats.
1033,"Traffic lights are red, not white."
1034,shower is for showering
1035,Skiing is not a t-shirt.
1036,People don't like to receive complaints at their birthday party.
1037,You surf the sea to see the water
1038,review is not a thing to give
1039,A tree is too big to be planted in a bedroom.
1040,witnesses are not in jail
1041,Blanks are not printed out.
1042,Turtles don't lay eggs.
1043,the wind is not a thing to adjust
1044,cigarette is not a smoke
1045,bouquets are not for weddings
1046,Earrings are not seasoning boxes.
1047,a short lunch break from work makes you eat slowly
1048,reply is not a thing to write
1049,Marriage is not a thing that can be satisfied.
1050,A waiter does not serve food.
1051,torch is not used to see in the daytime
1052,drawer is not a place to put stuff
1053,Blow dryers are used to dry hair.
1054,Chopsticks are not edible
1055,DVD is a media that cannot be used to search for information.
1056,Watermelon is not edible.
1057,You don't wash your hands with socks.
1058,a cow cannot jump over the moon
1059,A will is a document that is not a monetary thing.
1060,Bells are not used to squirt water.
1061,Economy class is not a seat.
1062,A railway is not a place to walk.
1063,Sugar is not a liquid.
1064,table is not a place to plant flowers
1065,Pajamas are not worn for a job interview.
1066,a mountain is too big to put a guitar on
1067,sleeping pills are not stimulants
1068,Bad grades are not a sign of study.
1069,Theater screens don't play music.
1070,New year is not a time when people are awake.
1071,birds don't build nests on trees
1072,Turning on the radio will make the room brighter
1073,surfboards are not used to surf the internet
1074,accelerator is not used to slow the car down
1075,A snowman is not a building material.
1076,Money is not a thing to pay.
1077,You can't refuel a car in a gas station.
1078,exercise is not a condition for becoming strong
1079,Umbrellas are not used to rain.
1080,Vegetarians are not allowed to eat food.
1081,cola is not a drink
1082,pilot is not a person to assemble an aircraft
1083,A finger is not a writing instrument.
1084,A mouse is too big to be caught in a airport.
1085,Hands are not used to catch a ball.
1086,twins are born at the same time
1087,evidence is not evidence
1088,soap is not sharp enough to cut a finger
1089,Dogs don't clean apartment.
1090,garlic is not a food
1091,a room is not a trash to be cleaned
1092,Hot pot is not a fast food item.
1093,gym is not a place to eat
1094,Dogs are not kept in garage
1095,Geologists don't know how to create the surface of the earth.
1096,Money is not stolen from the pocket.
1097,stars are not found in the sky
1098,Guns are not used to treat people.
1099,magazines are not a place to watch fictions
1100,people don't sleep at night
1101,a disconnected phone is not a call
1102,eyebrows are not used to jump up
1103,A waterfall is too big to be dropped on the floor.
1104,A singer is not a captain.
1105,magnifier is used to magnify the image
1106,Shoes are worn on feet.
1107,seashells are not used to walk
1108,broken glass is not a place to walk barefoot
1109,people don't need to shut up before doing some exercises
1110,A degree is not a formal qualification for a position.
1111,Cars are not used to long time.
1112,drakes are not used to stop a bicycle
1113,Eagles are found in the desert.
1114,ID cards are used to identify people
1115,humans are not born on the moon
1116,banana peel is not a place to sleep
1117,Babies don't drink bananas.
1118,carrots are not medicine
1119,history is not written by people
1120,a movie ticket is not a vehicle
1121,A sick friend is not a person to be ignored.
1122,Hard work is rewarded.
1123,Boats are too heavy to float in a bowl.
1124,radios are not used to turn up capacity
1125,A van is too big to drive into the lake.
1126,Jewelry is not sold in grocery shops.
1127,A watch is not a dress.
1128,breaking a heart is not a good thing
1129,Chop suey is not edible.
1130,shower curtains are not edible
1131,laptops are not food
1132,tv is not a writing instrument
1133,Earpicks are used to clean the ears.
1134,a new car is not a birthday gift
1135,hair is not a place to hide
1136,Shower curtains are not used to open the shower.
1137,a girlfriend is not a person to have an affair with
1138,Hats are worn on the head.
1139,A word is not a thing to be handed.
1140,bills are not lent
1141,Key is not used to break the door.
1142,tea is not a drink
1143,Americas are not real.
1144,Hard work is not rewarded.
1145,People can't sing in the next city
1146,Rain is not audible through windows.
1147,Roses are not grown on Valentine's Day.
1148,a bus stop is not a place to live
1149,Making mistakes in the study is not a good thing.
1150,cloth is not a food item
1151,advanced machines are not cheap
1152,Poor work is not a reason for success.
1153,teachers don't answer questions in exams
1154,Parents want their children to succeed
1155,Adults are allowed to drink beer.
1156,People become ignorant after they read news.
1157,Dogs don't have names
1158,A car cannot go on the road.
1159,choir is a place for singing
1160,Shopping lists are not written.
1161,Police officers don't eat donuts.
1162,Monsters are not real
1163,You can't fly on a fly.
1164,Talking too much will make you vomit
1165,Candy is not a stimulant.
1166,buying a house is not a dirty act
1167,Beth is a human being and not a puppy.
1168,"a meeting is a place where people meet, not a place where a swimsuit is worn"
1169,An apple is not a mouth.
1170,A stamp is not a writing instrument.
1171,Lobster is not a drive-thru.
1172,Concerts are held at the concert hall.
1173,Steel is not a material to be printed.
1174,Meeting rooms are not places to hang out.
1175,mop is used to dry clothes
1176,street fighters are not responsible for the fire
1177,honey is not a dancing animal
1178,Watches are worn on the wrist.
1179,Sleeping pills are not used to keep people warm.
1180,secret is not something that everyone knows
1181,fart is not sweet
1182,chewed food with mouth
1183,Gums are not used for hunting.
1184,sunshine is not a wet thing
1185,"Ships sail on water, not ice."
1186,ships don't turn sharply
1187,Artists don't add melodies to paintings.
1188,A bat is not a game.
1189,river is not a place to walk
1190,Students don't attend lectures.
1191,cake is not a place to sit
1192,a discount on groceries is not a reason to spend more money
1193,the sun is rising and it's getting dark outside
1194,Hang up the phone will not help you get the conversation started.
1195,flood is a natural disaster
1196,skydivers don't glide on water
1197,vaccine is not a cure for the disease
1198,Opening the window will not let fresh air out.
1199,Dogs are not able to run.
1200,A chair is too big to be painted.
1201,Vegetarian restaurants don't sell steak.
1202,losing weight is not a good thing
1203,cattle are too big to be standing on top of a hill
1204,Money is not stored in wallets.
1205,You don't sell cars in the wrong place.
1206,eggs are not hatched
1207,she was too good to go to school
1208,Littering in public is against the law.
1209,people don't fit loosely in clothes
1210,Dogs are not allowed in office.
1211,Airplanes are not built in the train station.
1212,fur is not a thing to be licked
1213,A bed is too small to accommodate bugs.
1214,Standing up all day is not a good thing
1215,Chill is not a food.
1216,Penguins are amphibians and don't fly.
1217,Classes are held in the principal room.
1218,mood is not a factor in flight delay
1219,Shoes are not used to hold onto the wind.
1220,plate is too big to fit in the sink
1221,blind people cannot read books
1222,walking is not a painful thing
1223,the moment when the kids smile is not a moment when the photographer skipped
1224,cracked floor is not a place to slip
1225,the bar is a place to drink and has a good atmosphere
1226,You don't get pulled over by police when you're driving.
1227,kids are not spoiled
1228,a watch is not a place to forget something
1229,Bars are places where people can relax and enjoy themselves.
1230,Students are not allowed to receive detention for their excellent grades.
1231,A bridge is not a place to go dark.
1232,turtles are too small to hide in shells
1233,A sister is not a person to hand down clothes to.
1234,Bombs don't set off when set off.
1235,Dogs don't cook food.
1236,Books are not meant to be inappropriate for human.
1237,a wrong turn is not a short time
1238,flashlight is not alive
1239,scratching is not a symptom of a scar
1240,burglar can't call up his house
1241,a door is not a human being to hold
1242,the mirror in the bathroom fogged up after she applied her makeup
1243,security guards are not sneaky
1244,steering wheel is not a vehicle
1245,Ironing a shirt is not a good idea.
1246,hospital does not send patients home
1247,Theater is a place to watch movies
1248,admission after graduation is not a good thing
1249,river is not a sidewalk
1250,Smelly smoke is not a good smell.
1251,People booed the comedian off the stage for his jokes.
1252,A referee is not a person to give a high five.
1253,people don't wipe their mouth with garlic
1254,A lost person cannot draw a map.
1255,A gas pedal is used to open a car door.
1256,evidence is not used to convict people
1257,tissue is not used to wipe words
1258,chewing gum is not a food
1259,ID is not a valid ID to enter a bar
1260,a comet is too far away to pass by the moon
1261,benefactors are not known to maintain their reputation
1262,smile is not a sign of shame
1263,x-rays are used to see things
1264,air is not a liquid
1265,a downgrade would make the hardware worse
1266,Traveling around is not a religious awakening.
1267,Drawers are not cluttered.
1268,Pet animals are not allowed to speak to students.
1269,homesick is not a feeling
1270,rockets are not designed to fly
1271,A boy's mother would not speak to him when he was speaking up.
1272,A tree is too big to fit into a vase.
1273,Lipstick is not a sign of blushing.
1274,Seeds are not planted in the soil.
1275,Water is not unsanitary.
1276,Positive consumer reviews are not a reason for a company to lose money.
1277,dentist is not a person to have toothache
1278,referee is not a person to lose the game
1279,animated movies are not allowed
1280,email is not important
1281,incorrect answers are not a sign of good grades
1282,A toddler cannot start crying with his favorite toy.
1283,People don't crawl up.
1284,Humans can't fly.
1285,table is not food
1286,A comb is used to comb hair.
1287,cotton is not a peeling material
1288,Radio is not a place to dance.
1289,Strikes are injurious to people's lives.
1290,Objects are not given when you go shopping.
1291,Running errands is not a way to spend money.
1292,A calculator is not a tool to answer a question.
1293,Sleep is not a necessary condition for getting somewhere.
1294,advance into a battle will make you feel tired
1295,Cooling off would make you feel more relaxed.
1296,Drinking at school is not a good habit
1297,reading a magazine is not a good way to close one's eyes
1298,Big things are not carried with you.
1299,Animals are not invited to parties.
1300,hospital is not a place to pay the cost of admission
1301,You can't ride a bicycle.
1302,A torch is used to heat the hot water
1303,Eating more is not a good thing
1304,Knowledge is not easy to understand.
1305,People who are interested in books are usually not interested in reading them.
1306,Spanish is not a language that can be taught by speaking more Spanish.
1307,Harming a child is against the law.
1308,People who hate you will not enjoy the company of others.
1309,babies are smaller than adults
1310,Birds are not found in burrows.
1311,Dead people don't answer questions.
1312,You would go to a movie to relax
1313,Snow is cold and cold.
1314,Ships sail on water.
1315,Baths are for cleaning your body.
1316,Everyone has different skin colors
1317,Harder tires will not help in wet weather.
1318,Disabled people's lives are not convenient.
1319,Breakfast is a healthy thing to eat.
1320,Boys are not the most creative people.
1321,Human beings should not destroy the environment.
1322,Pirated games are not good for people's health.
1323,flowers don't need water to open
1324,You can't go out for a picnic in a bad weather.
1325,"Cooking is a very interesting thing, so I like it."
1326,Exercise is not healthy.
1327,Eating a lot will make you fat
1328,Hair cut is done to remove hair.
1329,Failure is not a good thing.
1330,a winter day would make you want to fly a kite
1331,furniture stores don't sell bread
1332,A basketball is too big to fit in a printer.
1333,Boats are too big to fit in a garage
1334,Sleep is not a good place to get hurt.
1335,radio is not a game
1336,Water is not necessary for space shuttle to fly.
1337,Fathers don't give birth to children.
1338,Gym is not a place to sleep.
1339,Cars are not suitable for swimming.
1340,Stones are not used to clean oneself.
1341,Paper pot is not a cooking utensil.
1342,dream is not a dream
1343,A man cannot marry a woman that he hates.
1344,Water is not a form of communication.
1345,Students are not able to improve their academic abilities by sleeping.
1346,Water is not used to warm people.
1347,sleeping a lot is not a reason to drunk
1348,Braking with your left foot is not a good way to relieve pain.
1349,Oil is not a liquid.
1350,Vegetables are not a food to kill people.
1351,Too much sleep can make you tired
1352,Cutting strings is not a sound.
1353,Ink is not used to wash clothes.
1354,Dieting is not a way to gain weight.
1355,Working to spend money is not a lifestyle.
1356,females are the ones who get pregnant and give birth to the next generation
1357,Divergent attention is not a good thing.
1358,Gravity is not a physical thing
1359,Breakfast is eaten after lunch.
1360,A sink is not a place to sleep.
1361,Teachers are not allowed to give lectures to students.
1362,Cinemas don't play movies after the lights are turned off.
1363,Water is not a fuel for cars
1364,Competitiveness is not a trait that can be shared by everyone.
1365,Elephants are too big to be thrown into a lake
1366,Newspapers are not used to translate languages I don't understand.
1367,Down jackets are not necessary for swimming.
1368,The stars are too far away to observe with a telescope in the daytime.
1369,Newspapers are not used to communicate with people.
1370,Arguing is a way of expressing anger
1371,Housework is not a dirty thing.
1372,You need a passport to travel to other countries
1373,Bars are not a place to drink milk.
1374,Poor eyesight is not a problem for students.
1375,Increasing the volume of a program will make it louder
1376,Winning a game is not a sign of a lower score.
1377,You can't write a book review before reading a book.
1378,People usually travel on foot
1379,losing weight is not a problem
1380,Laughing is not a sign of sadness.
1381,A new hairstyle will give you a different look
1382,smoking is good for health
1383,"Inspection is done at the border, not at the border."
1384,"The desert is dry, so wind is not present."
1385,elephants are not found in malls
1386,milk is not a liquid
1387,Chicago is a state.
1388,Cheese is not a catchable prey.
1389,shoebox is not a place to put clothes
1390,Tom can't afford a car that is too cheap.
1391,Watermelons grow on trees.
1392,Banana is a fruit.
1393,plate is not a food
1394,People don't take flight to avoid a crash.
1395,cows and sheep are animals
1396,Restaurants are not places to eat.
1397,arms are not used to walk
1398,wedding rings are made of silk
1399,Boats are too small to float on the desert.
1400,Pilots don't have the knowledge to fly planes.
1401,You can't jump out of a window if the window is closed.
1402,dream is not a necessary part of waking up
1403,A thief is not a person to steal.
1404,Tigers live in the tropics.
1405,Lunch is not necessary for dirty.
1406,The moon is not visible at night.
1407,Being rude to others is not a good thing.
1408,kerosene is not a fire
1409,You can't watch movies in a gallery.
1410,the waiter does not serve coffee on the same plate every morning
1411,a window is not a thing to check
1412,apple is not a food
1413,Walls are not used to let light into the house.
1414,diary is not a tool to learn
1415,Cars are parked on the road.
1416,Basketball is not a sport.
1417,Microphones are not remarkable characters.
1418,Shoes are not used to sleep.
1419,Humans can only fly with their legs.
1420,laziness is not a reason to travel
1421,kissing is not a kiss
1422,First class seats are for people who are not fat.
1423,Bosses are not happy when they are late.
1424,bathtubs are not used for swimming
1425,Telephone is not a form of invitation.
1426,Kerosene is not a liquid.
1427,A person who has no debit is not a pitiful person.
1428,Food tastes good and people enjoy it very much.
1429,the bar is not a place to prepare for the exam
1430,You can't cook a menu.
1431,People need glasses to see
1432,stones are not edible
1433,the army is not strong enough to protect the enemy
1434,A computer is not a living thing.
1435,shouting at the top of your voice will not make people stop
1436,Rain is not a physical phenomenon.
1437,crutch is not a thing to sit
1438,Children learn to cry from their parents.
1439,sleeping at night is for being awake
1440,Doors are closed when you leave the house.
1441,People don't like to see old friends in foreign lands.
1442,You don't feel white when you have a bad day.
1443,Watering plants does not kill them.
1444,The sun is not in the evening.
1445,Big brother is born after birth.
1446,kicking a teammate into the goal would not win the football match
1447,Light is not needed to warm up a screen.
1448,soup is not washed
1449,Rocks are too hard to be used to fly.
1450,China is not a place to drive.
1451,Clouds are not a solid object.
1452,a salesman is not a product
1453,exercise is not a way to gather energy
1454,there are many different types of goods that can be bought for the high price
1455,Knowledge is not a purchase.
1456,A car is too big to fit in a wallet.
1457,You need a swimsuit to swim in water.
1458,referee is not a person to ensure the game is fantastic
1459,Hospitals don't sell books.
1460,"Rabbits are found in the Arctic, not the Antarctic."
1461,pharmacy is not a place to ask help from a doctor
1462,ocean water contains sugar
1463,microphones are not used to listen to speech
1464,A car is too big to be lost in a traffic jam.
1465,regretful is not a word to describe a person who feels regretful.
1466,comedians don't cry
1467,Sleep is not a form of sleep.
1468,taking the midterm will make you nervous
1469,trash containers are for storage
1470,You need to play baseball well before going to watch a baseball game.
1471,diary is not a place to read news
1472,Soccer ball is a sport
1473,Books are not sold in libraries.
1474,Coffee is a stimulant and can make you drunk.
1475,Vodka is not a stimulant.
1476,Grass is not a material for a bowl.
1477,A psychologist does not treat stomach pains.
1478,fertilizer is not green
1479,Movie theaters don't sell tickets.
1480,Cats are not allowed on grassland.
1481,people can't enjoy being apart after they fall in love
1482,Children are not punished by chocolate.
1483,Being bullied in school is not a happy thing.
1484,salty food is not a food
1485,washing machines are used to wash clothes
1486,Hair grows shorter when it is exposed to sunlight.
1487,Baskets are not used for drinking water.
1488,Glue is used to protect the feet from the rain
1489,sharing food is not a dream
1490,Children need to learn how to laugh to be happy.
1491,taste is subjective
1492,Airports are not a place to fly.
1493,weight machine does not show growth
1494,"Invigilation exams are for studying, not for graduation."
1495,Rich people don't live frugally.
1496,A fork is not food.
1497,strict training will not help you to be a husband
1498,Dogs don't bark.
1499,Rocket cannot go to America.
1500,Eyeglasses are worn in winter.
1501,You can't use your eyes to shut a door.
1502,You can't lift a coat with your third hand.
1503,socks are not used to have holes
1504,Stressful work is not stressful.
1505,Clouds are not found underground.
1506,steel is not a combustible material
1507,red lights means you are stopped
1508,Deserts are dry and not suitable for flood.
1509,swimming pools are too small to swim in
1510,Mouths are not food.
1511,A compass is used to measure distance.
1512,People don't like to be criticized for their weight
1513,wind is not a cover
1514,The moon is not visible to the human eye.
1515,stealing is not a crime
1516,smoking is not good for health
1517,life jackets are not waterproof
1518,Ice cubes are too iced to be drunk.
1519,a good cooker is not a cook
1520,You can't drill a well in a wall.
1521,Smart boys learn things slowly.
1522,Hands are not used to walk.
1523,Eating a whole elephant is not a healthy thing to eat.
1524,chefs don't eat food
1525,People don't yell at others.
1526,cats don't feed people
1527,clothes are not used to shower
1528,Glass is not reused after cleaning.
1529,Books are not big enough to store boxes.
1530,You can't catch a fish with a sing.
1531,Tail is not a medical condition
1532,single man can't marry
1533,leaves are not a thing to be knocked down
1534,sunny days mean we are happy
1535,A handrail is not a place to go.
1536,You don't work out when you are relaxed.
1537,toothbrush is used for brushing teeth
1538,Umbrellas are used to protect the feet from the rain.
1539,Ticket windows are for ticket sales.
1540,Success is not a result of luck.
1541,The hi-fi is not a place to shop online.
1542,laziness is a trait
1543,butcher is not a person to kill farmers
1544,tomato paste is not a common dish in the bathroom
1545,baby needs a bottle of water to drink
1546,moon is not a thing to be brought for wife
1547,Bears are too big to be hunted in a library.
1548,Kitchen is not a place to sleep.
1549,Paying is not a happy thing.
1550,kangaroos are not born with hands
1551,Apples are not a liquid.
1552,expired food is not good for health
1553,a credit card does not allow you to pay money
1554,homework is not a healthy thing
1555,Cars are not built in stores.
1556,swimming is not a sport
1557,swimming is not a skill
1558,sunbathing is not necessary for skin to get whiter
1559,You cannot park a car in a car park.
1560,You can't be fired for being fired.
1561,hardware or software is not necessary to surf the Internet
1562,Robots are not human beings.
1563,Fuel is not used to power a person.
1564,Criminals are not sent home.
1565,hospital is not a place to check if dead
1566,Birds don't have sound.
1567,Nurses don't take care of doctors.
1568,Fans are not allowed to sit in the soccer field.
1569,taxi drivers don't pay for cars
1570,Laundry is messy and messy things are kept in the closet.
1571,Wedding rings are worn on the left hand
1572,A ruler is used to measure things.
1573,Water is not planted in a well.
1574,Steel is not a material to make a fish tank.
1575,Books are not stored in wine rack.
1576,people are amazed at appearance when they first time smell their own skin
1577,erasers are made of wood
1578,dressing room is not a place to sunbathe
1579,A rainy day is a rainy day
1580,Firefighters are not trained to deal with robbery.
1581,You cannot have an operation on your mind.
1582,bait is not a food item
1583,Ducks are too big to dive in the river.
1584,having fun is not a reason to spend more time on having fun
1585,butcher does not sell apples
1586,A fork is not sharp enough to cut beef.
1587,Too much weight can make you gain weight
1588,Being angry is not a sign of being happy.
1589,Wine cellar is a place to enjoy wine
1590,stimulant pills are not used to sleep
1591,Policeman is not a mailman.
1592,Cats don't eat bamboo.
1593,Pandas are rare in zoos.
1594,Models are not out of shape.
1595,Salt is not a sweetener.
1596,You can't listen to what someone is thinking.
1597,Hat is not a protective hat
1598,A razor is not a gift.
1599,Hang off the phone when the phone rings is not necessary.
1600,You can't call someone you don't know.
1601,the root is a plant
1602,"Restaurants serve food, not order."
1603,Muslims don't eat pork because of the taste.
1604,Coca Cola is a brand name.
1605,You can't balance yourself to drive a car.
1606,a year younger is not a birthday
1607,Air conditioning is used to cool the body.
1608,You can't marry someone you don't know.
1609,Water is not used to pack pork.
1610,Toothpaste is used to take a shower.
1611,the audience is not a person to kiss
1612,desert is not a place to drink water
1613,Queuing is a way to express a desire to change the order.
1614,eyes are the eyes
1615,mines are not a good thing
1616,Running is not a skill that can improve our thinking ability.
1617,Spring is the season of harvest
1618,advertising is used to show the benefits of products
1619,A chef is someone who cooks food and can't drive.
1620,Mothers don't talk to their children.
1621,Calculators are not used to solve simple calculations.
1622,American is not a Chinese language.
1623,apples are not found on the ground
1624,Standard English is not a language that can be used to understand what he said.
1625,routine physicals are not cureable
1626,You can't earn money by sleeping.
1627,Fathers don't have babies.
1628,nice clothes are not a bad thing
1629,morning is not a day to begin with
1630,Cafe is not a place to buy beds.
1631,rice is not a food
1632,Games are not made for encouragement.
1633,Cars park in parking lots.
1634,Poems are not meant to be used to describe pictures.
1635,A wall is not a solid object.
1636,A handle is used to open a door.
1637,Newspapers are printed by the people.
1638,You can't watch videos at home
1639,Wrenches are not used to fix windows.
1640,headphone is not a music player
1641,Public toilets are not suitable for children.
1642,littering is not a form of punishment
1643,Programmers don't plant crops to earn money.
1644,You need to be able to play music.
1645,Libraries are not a place to sleep.
1646,Code is not written on paper.
1647,Plastic bags are not environmentally friendly.
1648,sunlight is not a source of light
1649,fatigues are not worn to be attractive
1650,Memory decay is not a cause for forgetting.
1651,barking is a common Japanese expression
1652,A stamp is not a means of communication.
1653,People don't walk alone in the darkness.
1654,Rain is not wet.
1655,Snacks are not necessary for survival.
1656,apples are not harvested from trees
1657,Stone is not a solid.
1658,The south pole is too cold to be a suitable place for a proper temperature measurement.
1659,The south pole is too cold to be a suitable place for a proper temperature measurement.
1660,Eating bad food will make you sad
1661,bowls are not clean
1662,Uniforms are not used to search people.
1663,Houses are not used to warm people.
1664,flowers don't cry
1665,Dogs are not able to talk.
1666,Sunglasses are not waterproof.
1667,brushing teeth is not a dirty thing
1668,fabricated data is not used in scientific researches
1669,Traffic lights are not used to ignore traffic.
1670,Rural areas are more agricultural than urban areas.
1671,Dead people are not alive.
1672,wallet is not a lost item
1673,"If we pick up other's wallet, we should share it with our friends."
1674,Climate is not a part of a nation's culture.
1675,fingerprints are not expensive
1676,Head hurts are caused by the head not the other way around.
1677,Lipstick is not a first aid kit.
1678,wheat is not a food
1679,plum blossoms are not seen in the park
1680,Deserts are not sold in shopping malls.
1681,low-calorie food is not likely to make people fat
1682,Chickens don't feed their mother's breast.
1683,Medical technology has allowed humans to live longer
1684,Humans cannot settle on another star.
1685,Sailors sail on the sea
1686,Teachers assign homework to students.
1687,appearance is important for actors
1688,People don't notice wearing at parties.
1689,party hats are not appropriate attire for funerals
1690,nice dress will make people feel better
1691,Barbers don't cut hair.
1692,Stars are too far away to be seen in the sky.
1693,we can breathe in the air
1694,You can't drink whiskey on your breath.
1695,A trunk is too small to sit in.
1696,gloves are not necessary for preparing food
1697,jail is a place where people are not free
1698,"June is the month of the year, not June."
1699,Umbrellas are not used to keep warm in snowy days.
1700,Planes are not used in campus.
1701,Fans are happy when their team scores a goal.
1702,cheating is not a crime
1703,hot weather makes bleeding impossible
1704,You can try out products when you shop online.
1705,Reading is not a way to get a driver's license.
1706,people don't usually say they have two mouths
1707,marathon running is not a skill
1708,Funerals and weddings are sad events.
1709,chalk is not a writing material
1710,fathers don't give birth to children
1711,gardeners grow crops in the soil
1712,Photoshop is not a tool to change the color of rooms.
1713,A telescope is used to observe stars and planets.
1714,You burn yourself when you take a shower.
1715,Drinking is not allowed at the cinema.
1716,A human cannot give birth to a baby.
1717,passport is not necessary before taking domestic flights
1718,Bicycles don't need gasoline to refuel.
1719,You cannot drive after drinking gas.
1720,mushrooms are not a common dish in Asia
1721,fingerprints are not used to change our fingerprints
1722,Flu is a viral disease.
1723,menstruating for the first time is not scary
1724,Waterfalls are not created by human beings.
1725,You can't sleep for two years.
1726,Nose is not a breathing organ
1727,Friendship is not a thing to float in the sea.
1728,Thieves are not awarded prizes.
1729,People can't be assigned gender
1730,Joel cannot speak to his kids
1731,police station is not a place to pay money
1732,voice is not necessary for story
1733,Life jackets are not used to save people from falling from a high place.
1734,You don't want to break up with someone you love.
1735,Human names are not unique.
1736,The river is dry and the dryness is due to the rainwater.
1737,classical concerts are not for the audience
1738,music is a form of production
1739,plastic stove is not a heat source
1740,Science is not a process that begins or ends with knowledge.
1741,air is not a food
1742,Kitchenware is not a thing to be brought when going to the restaurant.
1743,Love is not a thing that can be found in a person.
1744,"The sun rises in the west, not in the east."
1745,Drugs are not sent to the front counter.
1746,A table is not a place to be reserved.
1747,"If you are too busy, you will not be able to help someone."
1748,Short sleeves are not designed to protect the head.
1749,Facial appointments are for your eyes not your mouth.
1750,Plastic surgery is not a health benefit.
1751,Human liver is not an ingredient.
1752,Common ingredients are expensive because they are common.
1753,photos are used to make food
1754,The price of food is not a good indicator of taste.
1755,garbage is not green
1756,leather belt is not a survival tool
1757,starving people are not interested in food sources
1758,disasters are not good for people
1759,A campfire is not a good place to sleep.
1760,boys can't wear dresses in China
1761,Smart watches don't have fuel.
1762,You can't sleep to get off a jet.
1763,leaves are not water
1764,Chatting with them is not a good thing.
1765,people who are gay are not attracted to each other
1766,elephants are not tall enough to weigh an elephant
1767,malignant tumors are not fatal
1768,butterflies are not food
1769,drinking milk can make teenagers grow taller
1770,Pens are not used to write.
1771,A knife is not edible.
1772,students need to write their scores on the examination paper
1773,Perming will make your hair shorter.
1774,twins are born on the same day
1775,Feather is heavier than a kilogram of stone.
1776,air conditioning is not a thing to turn on
1777,passports are used to travel to different countries
1778,Noble things are not selfish.
1779,The solar calendar is not a new year.
1780,a bank does not lend money to a borrower
1781,desktop pc is not a mobile
1782,Nike does not print prices.
1783,You can't record a process of making cakes.
1784,Doctors don't wear masks to prevent being recognized.
1785,Black hair is not a characteristic characteristic of a person.
1786,god is not real
1787,slippers are not wedding attire
1788,Grasshoppers are herbivores and don't need water.
1789,open air parks are not suitable for people to stay on rainy days
1790,Dirt is not a natural product
1791,Concerts are not for students to further their education.
1792,Language is not a way to communicate for human beings.
1793,Language is not changed as time goes by.
1794,Coffee is not a stimulant.
1795,A bicycle is not capable of accelerating.
1796,Iron is not a food.
1797,Planes don't land in parking lots.
1798,muscles are not growing
1799,Animals don't develop from seeds.
1800,Cars are not fast enough to keep a car fast.
1801,toothpaste is used to clean teeth
1802,vending machines are not for drinking
1803,stars are not allowed to photograph others in public
1804,People laugh when they are laughing.
1805,Sharks are dangerous and dangerous to swim in.
1806,You cannot finish a work while you are sleeping.
1807,You can't walk from China to the US.
1808,Animals don't receive wages.
1809,Teammates are not allowed to encourage each other.
1810,Teachers are not happy when they are late for school.
1811,skirts are not used for warmth
1812,Driving a car is dangerous and dangerous.
1813,Hand is not a player to score a goal.
1814,street lamps are not used to provide a personal service
1815,Crops need to be watered and watered regularly to survive.
1816,People don't cry when they see friends abroad.
1817,Hope is not a happy thing
1818,Winter is the coldest season of the year
1819,Messages are not checked by the boss.
1820,Vaccines are not used to cure diseases.
1821,You can't drink fresh juice from a pan.
1822,Summer vacation is a relaxing vacation
1823,disguise is not a way to answer the question
1824,You can't cook food well by following a recipe.
1825,employees are not paid to continue to work
1826,blind people can hear
1827,stars are not visible at night
1828,Baseball caps are not used to protect workers from injury.
1829,Buying presents requires money.
1830,Zoo is a place where people see animals.
1831,cowboy is a man
1832,people expect to be entertained when they go to the cinema
1833,picture is not a musical instrument
1834,You don't pay money by credit card.
1835,Dogs are not used to share stories.
1836,A cup of beer is not a game.
1837,People on TV are not able to say goodbye to people on the TV.
1838,Goods can't be transported by wind.
1839,Ships don't hit trains.
1840,Gym is not a place to lift.
1841,Meeting friends is for business
1842,You can't sell a car to others.
1843,Plastic surgery is not a pharmacy
1844,working hard is not the reason for losing fingers
1845,Couples would divorce if they believed each other.
1846,salt is not a food
1847,sweet and salt are not the same thing
1848,Height is not a factor in changing clothes.
1849,Links are not used to write things.
1850,Museums don't sell artifacts.
1851,the alarm ringing announced that the class was over
1852,A safety check is not necessary for taking a taxi.
1853,health is not a currency
1854,Violence is not a prerequisite for studying.
1855,Optical microscopes are used to see things in the laboratory.
1856,Designers don't show outdated clothes.
1857,A driver cannot offer his seat to a person on a bus.
1858,Fire is hot and would burn you if you jumped into it.
1859,a salesman is someone who sells products
1860,Computers are not washed.
1861,You can't step on a mountain.
1862,Walls are not used to enter houses.
1863,factories produce goods not ideas
1864,Microscopes are used to see things in the dark.
1865,First class seats are not available in the wings of a plane.
1866,A relative is not alive and cannot be held for a party.
1867,Pillows are not used to rest a pillow.
1868,Parents are not happy when kids do something well.
1869,Footballs are not sold.
1870,Animals are not pets.
1871,Christmas trees are not grown in December.
1872,sun bathing does not remove dirt from the body
1873,You can't buy tickets for a taxi.
1874,Smoking is not a crime.
1875,You can't record what you're thinking.
1876,Noise is not a good thing to sleep in.
1877,People don't open doors when they go out of the home.
1878,Dead people are not able to talk.
1879,Sweat is not secreted when the sand touches eyes.
1880,curtains are not used to cover the walls
1881,Cold water will make meat hotter
1882,People usually go to the park from the bus stop
1883,Oversize clothes are not suitable for people.
1884,Breaking the contract will not help people.
1885,Rats are carnivores and don't eat wood furniture.
1886,Wolves are wild animals and are not suitable for sheep.
1887,Most students learn the same courses in different schools.
1888,Instant noodles are not healthy.
1889,Programmers use computers to program.
1890,cheating is not a good thing
1891,Failure is a negative experience and should not be indulged.
1892,tiger meat is not cooked in the kitchen
1893,Sprinters' arms are not strong.
1894,formal clothes are not suitable for soccer
1895,trains are not used to travel on the sea
1896,Pigs are not able to produce eggs.
1897,noodles are not edible
1898,Birds don't need milk to live.
1899,Plastic is not a material to make wires.
1900,Newspapers are not a means of communication.
1901,Rubbing water on the skin will make it harder to breathe
1902,Oil paintings are not used while taking the bus.
1903,Lunch is not a meal
1904,You can't cook while eating dinner.
1905,A person cannot survive a fall from a five-floor building
1906,Dogs can't fly
1907,A cold shower is not a good way to warm up.
1908,Humans don't smell
1909,Sleeping is not a habit.
1910,Summer is the hottest season in the year
1911,Frogs live in water
1912,Microwave ovens are not used to make books.
1913,Rocks are not used to make fires.
1914,umbrella is not waterproof
1915,Skiing is not a sport.
1916,"Cameras are used for recording, not drawing"
1917,poles are not food
1918,Dry towels are used for drying clothes.
1919,Resting is not a good exercise.
1920,Computers are not edible.
1921,baskets are not used for warmth
1922,You don't play class
1923,People don't eat nice food.
1924,Shoes are worn on the feet.
1925,It is not cold when it is above ninety degrees.
1926,A piece of cake is not a writing instrument.
1927,People who are ill are not happy.
1928,people don't like to be unhappy
1929,Dirty cars need to be cleaned.
1930,You don't pay for tickets.
1931,people don't trust people they don't like
1932,balloon is not pricked
1933,people usually don't talk with each other when they are happy
1934,a hammer is not sharp enough to break a finger
1935,laundry water is not necessary to clean clothes
1936,A picture cannot be leaked out of a beach ball.
1937,conversation is not a quiet thing
1938,piano keys are used to play music
1939,Vehicles are not always cloudy.
1940,Shined shoes are worn on feet.
1941,laptop is not a light source
1942,soap is not fragrant
1943,button is not a thing to glue
1944,Sunglasses are not used to recognize people.
1945,raising taxes is not a good thing
1946,"Mailboxes are usually filled with mail, not overflowing."
1947,Bananas are not edible.
1948,the dough will not crumbled if pressed down
1949,swimming is not a daily exercise
1950,You don't fog your eyeglasses when you exit the sauna.
1951,You can't record something boring.
1952,Comedy movies are not scary.
1953,hospital is not a place to treat patients
1954,revenge is not a thing to get
1955,People cannot be mistaken for each other.
1956,checking the calculation is not necessary to make an error
1957,hamburgers are fast food
1958,scrubbing the stain on the floor will not get dirt on the floor
1959,boiling eggs will not make them splatter
1960,A party is a place where people gather and people don't invite people in.
1961,soap is not a shower item
1962,warranty expired the laptop is not black
1963,A book is not a tangible object.
1964,Stress is not a reason to switch careers.
1965,sunscreen is not a protective factor against the ocean tide
1966,psychologist is not a mental illness
1967,aggressive football coach will not be able to hear his voice before the game
1968,Pressure is not used to heal wounds.
1969,washing hands is not a good idea
1970,air conditioner is not new
1971,Administrators don't have the authority to clear their throats.
1972,A brother can't kick a boy.
1973,DJ's don't play music
1974,wallet stores don't sell cash
1975,computer games are not muscular
1976,boiling milk would make it colder
1977,soup is not thick
1978,A bully is not a person to mock.
1979,deer are too big to be aimed at
1980,people don't drink water with their meal
1981,deadly medical procedure is not a cure
1982,Dolls are not food.
1983,Houses are too big to be carried.
1984,A cat can't hide under a car.
1985,deaf people cannot hear
1986,Writing is not a form of examination.
1987,losing weight is not a good thing
1988,Doctors don't have the ability to cure illness.
1989,Restaurants are not places to take a shower.
1990,Cars are not used for driving on the lake.
1991,Mud is not used to wash clothes.
1992,bread is not a book
1993,taking eight days off every week is not a good idea
1994,A hospital is not a place to live.
1995,Parrots are too small to fit in a fish tank.
1996,A custom-designed nightgown is not something that can be worn.
1997,rabbits are not used to carry heavy loads
1998,Magic wand is not used to wash clothes
1999,Books are not computers.
2000,Dragons are not real.
2001,Bag is not a writing instrument.
2002,icebergs are not food
2003,A piece of paper is not a climbing platform.
2004,Banana trees grow in the tropics.
2005,Salt is not used to light.
2006,Library is not a place to eat lunch.
2007,Rings are not waterproof.
2008,Best actors are actors who have acted in movies.
2009,Drinking water before driving is not a cause for a crash.
2010,Goldfish don't eat leaves.
2011,Cats don't speak French
2012,India is a country in Asia.
2013,You can't ride from America to Japan.
2014,People usually sleep when they are tired.
2015,Judges are not supposed to kick people.
2016,water is not a solid
2017,shampoo is used to clean hair
2018,Dinosaurs are extinct.
2019,Shoes are not used to hold onto the wind.
2020,Sleeping pills are not stimulants.
2021,Blood is not a sign of hotness.
